Person,Number of Files Requested,Page Number
"Abbott, James Federal Labor Relations Authority, Member",4,1
"Abbott, James Federal Labor Relations Authority, Member 2",2,1
"Abbott, Jarvis B. Department Of The Interior, Certificate of Divestiture",1,1
"Aber, Jessica D Department Of Justice, U.S. Attorney Virginia Eastern District",9,1
"Abizaid, John P Department Of State, Ambassador to Saudi Arabia (Kingdom of)",7,1
"Abraham, Yohannes A Department Of State, U.S. Representative to Association of Southeast Asian Nations w/rank of Ambassador",5,1
"Acker, Gerald International Joint Commission, Commissioner",23,1
"Adams Allen, Paloma Agency For International Development (Aid), Deputy Administrator for Management",7,1
"Adler, Douglas O. Export-Import Bank Of The United States, Certificate of Divestiture",1,1
"Adler, Michael Department Of State, Ambassador to Belgium",1,1
"Adler, Michael J Department Of State, Ambassador to South Sudan (Republic of)",4,1
"Adler, Michael M Department Of State, Ambassador to Belgium",5,1
"Adler, Robert S Consumer Product Safety Commission, Commissioner",1,1
"Adler, Robert S Consumer Product Safety Commission, Commissioner 2",2,1
"Aggeler, Angela P Department Of State, Ambassador to North Macedonia (Republic of)",6,1
"Althen, William I Federal Mine Safety And Health Review Commission, Commissioner 2",18,1
"Anderson, Craig J Department Of Justice, U.S. Marshal Montana",1,1
"Anderson, David L Department Of Justice, U.S. Attorney California Northern District",2,1
"Anderson, Derrick Department Of Defense/Office Of The Secretary, Assistant Secretary for Special Operations/Low Intensity Conflict",1,1
"Anderson, James H Department Of Defense/Office Of The Secretary, Assistant Secretary for Strategy, Plans, & Capabilities",1,1
"Anderson, James H Department Of Defense/Office Of The Secretary, Deputy Under Secretary for Policy",3,1
"Anderson, Jeffrey Department Of State, U.S. Representative to Council of International Civil Aviation Organization w/rank of Ambassador",1,1
"Anderson, John C Department Of Justice, U.S. Attorney New Mexico",3,1
"Anderson, Ken Nuclear Regulatory Commission, Certificate of Divestiture",1,1
"Anderson, Matthew National Aeronautics And Space Administration, Deputy Administrator",1,1
"Anderson, Richard Department Of The Air Force, Assistant Secretary for Manpower & Reserve Affairs",1,1
"Anderson, Robert T Department Of The Interior, Solicitor",5,1
"Andres, Gary Department Of Health And Human Services, Assistant Secretary for Legislation",2,1
"Anello, Russell M White House Office, Deputy Counsel to the President",3,1
"Apol, David Office Of Government Ethics, DAEO",40,1
"Apol, David Office Of The Us Trade Representative, DAEO",3,1
"Aponte, Mari C Department Of State, Ambassador to Panama (Republic of)",12,2
"Appleton, Seth Department Of Housing And Urban Development, Assistant Secretary for Policy Development & Research",3,2
"Ashooh, Richard E Department Of Commerce, Assistant Secretary for Export Administration",3,2
"Atkins, Melea Department Of Health And Human Services, Certificate of Divestiture",1,2
"Atkins, Paul Securities And Exchange Commission, Commissioner",6,2
"Attwood, Cynthia L Occupational Safety And Health Review Commission, Commissioner 3",15,2
"Babcock-Lumish, Terry Harry S. Truman Scholarship Foundation, DAEO",8,2
"Bagley, Elizabeth F Department Of State, Ambassador to Brazil (Federative Republic of)",4,2
"Baiocco, Dana Consumer Product Safety Commission, Commissioner",16,2
"Baker, Alexandra Department Of Defense/Office Of The Secretary, Deputy Under Secretary for Policy",6,2
"Baker, Joe Department Of Commerce, Certificate of Divestiture",1,2
"Baker, Michael Federal Trade Commission, Certificate of Divestiture",1,2
"Baker, Sarah Department Of Transportation, General Counsel",1,2
"Baker, Shalanda Department Of Energy, Director, Office of Minority Economic Impact",4,2
"Baker, Timothy J Federal Mine Safety And Health Review Commission, Commissioner",4,2
"Baranwal, Rita Department Of Energy, Assistant Secretary for Nuclear Energy",5,2
"Barrack, Tom Department Of State, Ambassador to Turkey (Republic of)",5,2
"Barrett, Thomas Department Of State, Ambassador to Luxembourg (Grand Duchy of)",9,2
"Barsa, John Agency For International Development (Aid), Assistant Administrator for Latin America & the Caribbean",3,2
"Bartos, Jeffrey Department Of State, U.S. Representative to United Nations for U.N. Management and Reform w/rank of Ambassador",7,2
"Bauer, Denise C Department Of State, Ambassador to France & Monaco",6,2
"Bauer, Meghan White House Office, Deputy Assistant to President & Director of Scheduling",1,2
"Beard, Michael Department Of Health And Human Services, Certificate of Divestiture",1,2
"Beard, Susan F Department Of Energy, DAEO",6,2
"Beehler, Alex A Department Of The Army, Assistant Secretary for Installations, Energy & Environment",4,2
"Behnam, Rostin Commodity Futures Trading Commission, Commissioner",7,2
"Behnam, Rostin Commodity Futures Trading Commission, Commissioner & Chairman",5,2
"Bell, Richard K Department Of State, Ambassador to Cote D`Ivoire (Republic of)",30,2
"Bell, Thomas Department Of Health And Human Services, Inspector General",1,2
"Benjamin, Stephen White House Office, Assistant to the President, Director Office of Public Engagement",5,3
"Berger, Meredith Department Of The Navy, Assistant Secretary for Energy, Installations & Environment",7,3
"Berger, Sherri Department Of Health And Human Services, Certificate of Divestiture",1,3
"Berger, William B Department Of Justice, U.S. Marshal Florida Middle District",70,3
"Berkovitz, Dan M Commodity Futures Trading Commission, Commissioner",14,3
"Berkovitz, Dan M Securities And Exchange Commission, Certificate of Divestiture",1,3
"Beshar, Peter J Department Of The Air Force, General Counsel",7,4
"Bethel, Erik P Department Of State, Ambassador to Panama (Republic of)",1,4
"Bethel, Erik P Department Of The Treasury, U.S. Alternate Executive Director, International Bank for Reconstruction & Development",3,4
"Bhargava, Elizabeth D Department Of Housing And Urban Development, Assistant Secretary for Administration",12,4
"Bhattacharya, Jayanta Department Of Health And Human Services, Director, National Institutes of Health",3,4
"Bianchi, Dominic L International Trade Commission, DAEO",8,4
"Bianchi, Sarah Office Of The Us Trade Representative, Deputy U.S. Trade Representative",6,4
"Bisgeier, Mark D Gulf Coast Ecosystem Restoration Council, DAEO",29,4
"Biswal, Nisha D U.S. International Development Finance Corporation, Deputy Chief Executive Officer",4,4
"Black, Benjamin U.S. International Development Finance Corporation, Chief Executive Officer, International Development Finance Corporation",1,4
"Black, Jonathan White House Office, Certificate of Divestiture",1,4
"Black, Michael D Department Of Justice, U.S. Marshal Ohio Southern District",4,4
"Black, Steven Department Of Energy, Certificate of Divestiture",1,4
"Blanchard, Lynda C Department Of State, Ambassador to Slovenia (Republic of)",3,4
"Blanchard, Lynda C Department Of State, U.S. Representative to United Nations Agencies for Food and Agriculture (with rank of Ambassador during service)",2,4
"Boehler, Adam S U.S. International Development Finance Corporation, Chief Executive Officer, International Development Finance Corporation",6,4
"Bond, Candace Department Of State, Ambassador to Trinidad & Tobago (Republic of)",5,4
"Bookless, William A Department Of Energy, Principal Deputy Administrator, National Nuclear Security Administration",6,4
"Bose, Amit Department Of Transportation, Administrator, Federal Railroad Administration",5,4
"Boyle, Allison Merit Systems Protection Board, DAEO",3,4
"Boyle, Mary Consumer Product Safety Commission, Commissioner",8,4
"Boyle, William E Department Of Justice, U.S. Attorney North Carolina Eastern District",1,4
"Brady, Scott Department Of Justice, U.S. Attorney Pennsylvania Western District",3,4
"Branstad, Terry E Department Of State, Ambassador to China (People's Republic of)",4,4
"Bresso, Gineen M Office Of Administration, DAEO",1,4
"Bresso, Gineen M White House Office, Deputy Counsel to the President",4,4
"Brewer, Maria E Department Of State, Ambassador to Lesotho (Kingdom of)",5,4
"Brewer, Maria E Department Of State, Ambassador to Sierra Leone (Republic of)",6,4
"Brewer, Robert S Department Of Justice, U.S. Attorney California Southern District",5,4
"Brink, Bridget Department Of State, Ambassador to Slovak Republic",19,4
"Brink, Bridget Department Of State, Ambassador to Ukraine",11,4
"Brown, Alvin National Transportation Safety Board, Member",2,5
"Brown, Anna Office Of Management And Budget, Certificate of Divestiture",1,5
"Brown, Arthur Department Of State, Ambassador to Ecuador (Republic of)",2,5
"Brown, Brandon Department Of Justice, U.S. Attorney Louisiana Western District",4,5
"Brown, Elizabeth Department Of Education, General Counsel",24,5
"Brown, Joseph D Department Of Justice, U.S. Attorney Texas Eastern District",2,5
"Brown, Natalie E Department Of State, Ambassador to Uganda (Republic of)",3,5
"Brown, Nicholas Department Of Justice, U.S. Attorney Washington Western District",3,5
"Brown, Samuel Department Of Veterans Affairs, Under Secretary For Memorial Affairs",1,5
"Brown, Scott P Department Of State, Ambassador To New Zealand And Samoa",10,5
"Brown, Scott P Department Of State, Ambassador to New Zealand and Samoa",10,5
"Brown, Thomas E Department Of Justice, U.S. Marshal Georgia Northern District",76,5
"Brownback, Samuel D Department Of State, Ambassador At Large For International Religious Freedom",3,6
"Brownback, Samuel D Department Of State, Ambassador at Large for International Religious Freedom",3,6
"Brubacher, Kate E Department Of Justice, U.S. Attorney Kansas",10,6
"Brzezinski, Mark F Department Of State, Ambassador to Poland (Republic of)",7,6
"Buchan, Richard D Department Of State, Ambassador to Morocco (Kingdom of)",1,6
"Buchan, Richard D Department Of State, Ambassador to Spain & Andorra",16,6
"Burley, Michael N White House Office, Deputy Assistant to President & Deputy Director of the Presidential Personnel Office",6,6
"Burns, R. Nicholas Department Of State, Ambassador to China (People's Republic of)",6,6
"Burns, Samira Department Of Health And Human Services, Certificate of Divestiture",1,6
"Bush, Douglas R Department Of The Army, Assistant Secretary for Acquisition, Logistics, & Technology",6,6
"Buzby, Mark H Department Of Transportation, Administrator, Maritime Administration",6,6
"Cabrera, Kevin M Department Of State, Ambassador to Panama (Republic of)",3,6
"Califf, Robert M Department Of Health And Human Services, Commissioner, Food & Drug Administration 2",7,6
"Calvaresi-Barr, Ann Agency For International Development (Aid), Inspector General",3,6
"Calvelli, Frank Department Of The Air Force, Assistant Secretary for Space Acquisition & Integration",5,6
"Camarillo, Gabriel Department Of The Army, Under Secretary",6,6
"Campbell, Cheryl Department Of Health And Human Services, Certificate of Divestiture",1,6
"Campbell, Tison Nuclear Regulatory Commission, DAEO",4,6
"Candeub, Adam Federal Communications Commission, Certificate of Divestiture",1,7
"Candeub, Adam Federal Communications Commission, DAEO",4,7
"Carlson, MaryKay Department Of State, Ambassador to Philippines (Republic of)",5,7
"Carter, Almo Jean Department Of Justice, Commissioner, U.S. Parole Commission",1,7
"Carter, Gregory M Candidates - F.E.C., Presidential Candidate",2,7
"Carter, Mary A National Endowment For The Arts, Chairman",2,7
"Carter, Mary A National Endowment For The Arts, Chairman (2)",1,7
"Carter, Thomas L Department Of State, U.S. Representative to Council of International Civil Aviation Organization w/rank of Ambassador",2,7
"Carter, Willie F Candidates - F.E.C., Presidential Candidate",2,7
"Carty, Lisa Department Of State, U.S. Representative on Economic & Social Council of the United Nations w/rank of Ambassador",6,7
"Chalmers, Charles Pension Benefit Guaranty Corporation, DAEO",8,7
"Chang, Aaron C Office Of The Vice President, Deputy Assistant to President & Director of Advance to Vice President",9,7
"Chang, Albert Consumer Financial Protection Bureau, Certificate of Divestiture",1,7
"Chang, Judy Federal Energy Regulatory Commission, Commissioner",4,7
"Chang, YoungKi Department Of Commerce, Certificate of Divestiture",1,7
"Cheng, Chen Securities And Exchange Commission, Certificate of Divestiture",1,7
"Cheng, Dennis W White House Office, Deputy Assistant to the President & Deputy Director of Political Strategy and Outreach",7,7
"Chorle, Erhard R Railroad Retirement Board, Chairman",81,7
"Christine, Bobby L Department Of Justice, U.S. Attorney Georgia Southern District",2,8
"Christine, Brian Department Of Health And Human Services, Assistant Secretary for Health",3,8
"Cipollone, Pasquale A White House Office, Assistant to the President",8,8
"Cisneros, Gilbert Department Of Defense/Office Of The Secretary, Under Secretary for Personnel & Readiness",31,8
"Cliff, Steven Department Of Transportation, Administrator, National Highway Traffic Safety Administration",3,8
"Cochran, Donald Q Department Of Justice, U.S. Attorney Tennessee Middle District",20,8
"Coffey, John Department Of The Navy, General Counsel",9,8
"Cohen, Adam Department Of The Treasury, Certificate of Divestiture",1,8
"Cohen, David L Department Of State, Ambassador to Canada",12,8
"Cohen, Howard R Candidates - F.E.C., Presidential Candidate",1,8
"Cohen, Jonathan R Department Of State, Ambassador to Egypt (Arab Republic of)",16,8
"Cohen, Jordan Office Of Management And Budget, Certificate of Divestiture",1,8
"Cole, Terrance Department Of Justice, Administrator, Drug Enforcement Administration",2,8
"Coleman, Isobel D Agency For International Development (Aid), Deputy Administrator for Policy",12,8
"Coleman, Russell Department Of Justice, U.S. Attorney Kentucky Western District",2,8
"Combs, Susan Department Of The Interior, Assistant Secretary for Policy, Management & Budget",4,8
"Compton, Jerome P Department Of Housing And Urban Development, General Counsel",6,8
"Contreras, January Department Of Health And Human Services, Assistant Secretary for Children and Families",4,9
"Cooksey, Sean J Federal Election Commission, Commissioner",7,9
"Copan, Walter G Department Of Commerce, Under Secretary for Standards & Technology & Director, National Institute of Standards & Technology",3,9
"Cornstein, David Department Of State, Ambassador to Hungary (Republic of)",3,9
"Corwin, Jane International Joint Commission, Commissioner",48,9
"Cossa, John G Federal Permitting Improvement Steering Council, DAEO",5,9
"Cox, Christopher C White House Office, Deputy Assistant to President for Legislative Affairs",3,9
"Craft, Kelly K Department Of State, Ambassador To The United Nations General Assembly",4,9
"Crane, David Department Of Energy, Certificate of Divestiture",7,9
"Crane, David Department Of Energy, Under Secretary",3,9
"Crawford, Edward F Department Of State, Ambassador to Ireland",10,9
"Crenshaw, Caroline Securities And Exchange Commission, Commissioner",11,9
"Crenshaw, Caroline Securities And Exchange Commission, Commissioner 2",1,9
"Crocker, Bathsheba N Department Of State, U.S. Representative to Office of United Nations & Other International Organizations in Geneva w/rank of Ambassador",15,10
"Cronin, Claire Department Of State, Ambassador to Ireland",5,10
"Croston, Sean Federal Reserve System Board Of Governors, DAEO",7,10
"Cudahy, Sarah Federal Mediation And Conciliation Service, DAEO",4,10
"Cullen, Thomas Department Of Justice, U.S. Attorney Virginia Western District",10,10
"Currie, Kelley E Department Of State, Ambassador at Large for Women's Global Issues",1,10
"Currie, Kelley E Department Of State, U.S. Representative on Economic & Social Council of the United Nationals w/rank of Ambassador",2,10
"Dabbar, Paul M Department Of Commerce, Deputy Secretary",2,10
"Dabbar, Paul M Department Of Energy, Under Secretary for Science",4,10
"Dalton, Melissa Department Of Defense/Office Of The Secretary, Assistant Secretary for Homeland Defense & Global Security",6,10
"Dalton, Melissa Department Of The Air Force, Under Secretary",5,10
"Dalton, Olivia A White House Office, Deputy Assistant to the President & Principal Deputy Press Secretary",3,10
"Damelin, Fara Federal Communications Commission, Inspector General",3,10
"Daniel, Susan E International Joint Commission, DAEO",10,10
"Day, Ramsey Agency For International Development (Aid), Assistant Administrator for Africa",1,10
"Day, Sharon L Department Of State, Ambassador to Costa Rica (Republic of)",4,10
"Day, Thomas G Postal Regulatory Commission, Commissioner",3,10
"DeCarolis, Joseph Department Of Energy, Administrator, Energy Information Administration",5,10
"DeJoy, Louis U.S. Postal Service, Postmaster General",64,10
"DeMarco, Vincent F Department Of Justice, U.S. Marshal New York Eastern District",60,11
"DeSombre, Michael G Department Of State, Ambassador to Thailand (Kingdom of)",5,11
"DeSombre, Michael G Department Of State, Assistant Secretary for East Asian & Pacific Affairs",1,11
"Deasy, Dana S Department Of Defense/Office Of The Secretary, Chief Information Officer",11,11
"DelBene, Kurt Department Of Veterans Affairs, Assistant Secretary for Information & Technology",51,12
"Dellinger, Hampton Department Of Justice, Assistant Attorney General, Office of Legal Policy",6,12
"Dellinger, Hampton Office Of Special Counsel, Special Counsel",2,12
"Demers, John C Department Of Justice, Assistant Attorney General, National Security Division",8,12
"Desrocher, John Department Of State, Ambassador to Algeria (Democratic & Popular Republic of)",2,12
"Dettelbach, Steven M Department Of Justice, Director, Bureau of Alcohol, Tobacco, Firearms & Explosives",5,12
"Dickerson, Allen Federal Election Commission, Commissioner",7,12
"Dickman, Martin J Railroad Retirement Board, Inspector General",22,12
"Dohman, Ramona L Department Of Justice, U.S. Marshal Minnesota",4,12
"Domenech, Douglas W Department Of The Interior, Assistant Secretary for Insular Affairs",7,12
"Donfried, Karen Department Of State, Assistant Secretary for European & Eurasian Affairs",10,13
"Dorsey, Tobias Office Of Administration, DAEO",2,13
"Dorsey, Tobias Office Of Science And Technology Policy, DAEO",3,13
"Dowling, Maria-Kate National Mediation Board, DAEO",18,13
"Dunn, Alexandra Dapolito Environmental Protection Agency, Assistant Administrator for Toxic Substances",2,13
"Dunn, Anita B White House Office, Assistant to President & Senior Advisor",6,13
"Dunn, Jason R Department Of Justice, U.S. Attorney Colorado",4,13
"Dunnigan, Robin Department Of State, Ambassador to Georgia",5,13
"Durham, John H Department Of Justice, U.S. Attorney Connecticut",2,13
"Dziak, Douglas Consumer Product Safety Commission, Commissioner",7,13
"Easley, Michael F Department Of Justice, U.S. Attorney North Carolina Eastern District",5,13
"Easterly, Jennie Department Of Homeland Security, Director, Cybersecurity & Infrastructure Security Agency",16,13
"Ehrendreich, Joel C Department Of State, Ambassador to Palau (Republic of)",4,13
"Einstman, John C Commodity Futures Trading Commission, DAEO",9,13
"Einstman, John Commodity Futures Trading Commission, DAEO",2,13
"Eisenberg, John A Department Of Justice, Assistant Attorney General, National Security Division",1,13
"Eisenberg, John A White House Office, Deputy Assistant to President & NSC Legal Advisor & Deputy Counsel to President for National Security Affairs",2,13
"Eisenberg, Lewis M Department Of State, Ambassador to Italian Republic & Republic of San Marino",15,13
"Eisenberg, Lynn Office Of Personnel Management, DAEO",3,13
"Elliott, Howard R Department Of Transportation, Administrator, Pipeline & Hazardous Materials Safety Administration",3,13
"Elliott, Peter J Department Of Justice, U.S. Marshal Ohio Northern District",10,13
"Elnahal, Shereef Department Of Veterans Affairs, Under Secretary for Health",8,13
"Emanuel, Noah Department Of Health And Human Services, Certificate of Divestiture",1,13
"Emanuel, Rahm Department Of State, Ambassador to Japan",22,13
"Emanuel, William J National Labor Relations Board, Member",5,13
"Esparza, Jaime Department Of Justice, U.S. Attorney Texas Western District",12,13
"Fahey, Kevin M Department Of Defense/Office Of The Secretary, Assistant Secretary for Acquisition",3,14
"Fajardo Orshan, Ariana Department Of Justice, U.S. Attorney Florida Southern District",3,14
"Fajardoorshan, Ariana Department Of Justice, U.S. Attorney Florida Southern District",9,14
"Faucher, Robert J Department Of State, Ambassador to Suriname (Republic of)",4,14
"Fauth, Gerald W National Mediation Board, Member",12,14
"Feitel, Robert J Nuclear Regulatory Commission, Inspector General",37,14
"Feldman, Peter A Consumer Product Safety Commission, Commissioner",9,14
"Feldman, Robert E Federal Deposit Insurance Corporation, DAEO",3,14
"Feldman, Stefanie White House Office, Assistant to the President & Staff Secretary; Director, Office of Gun Violence Prevention",1,14
"Feldman, Stefanie White House Office, Deputy Assistant to the President & Senior Advisor to the Director of the Domestic Policy Council",4,14
"Felten, Edward W Privacy And Civil Liberties Oversight Board, Member 2",9,14
"Fernandez, Jose Department Of State, Under Secretary for Economic Growth, Energy & the Environment",19,14
"Ferriero, David S National Archives And Records Administration, Archivist Of The United States",28,15
"Ferriero, David S National Archives And Records Administration, Archivist of the United States",28,15
"Fertitta, Tilman Department Of State, Ambassador to Italian Republic & Republic of San Marino",4,15
"Fick, Nathaniel Department Of State, Ambassador at Large for Cyberspace & Digital Policy",7,15
"Filipic, Anne White House Office, Assistant to the President, Director of Management and Administration",5,15
"Finegan, Philip C Department Of Justice, U.S. Attorney Colorado",23,15
"Fischer, David T Department Of State, Ambassador to Morocco (Kingdom of)",15,15
"Fischmann, Elizabeth Department Of Health And Human Services, DAEO",2,15
"Fischmann, Elizabeth National Credit Union Administration, DAEO",6,15
"Fisher, Ann Postal Regulatory Commission, Commissioner",6,15
"Fisher, Ann Postal Regulatory Commission, Commissioner 2",2,15
"Fisher, Arthur Department Of State, Ambassador to Austria (Republic of)",1,15
"Fisher, Julie D Department Of State, Ambassador to Belarus (Republic of)",1,15
"Fisher, Julie D Department Of State, Ambassador to Cyprus (Republic of)",3,15
"Fisher, Todd Department Of Commerce, Certificate of Divestiture",1,15
"FitzPatrick, Vernelle T Department Of State, Ambassador to Gabonese Republic",2,15
"Fitzpatrick, Kathleen M Department Of State, Ambassador to Timor-Leste (Democratic Republic of)",2,15
"Fitzpatrick, Michael J Department Of State, Ambassador to Ecuador (Republic of)",9,15
"Flake, Jeffry L Department Of State, Ambassador to Turkey (Republic of)",6,15
"Fois, Andrew Administrative Conference Of The United States, Chairman",5,15
"Fong, Phyllis K Department Of Agriculture, Inspector General",8,15
"Ford, Christopher A Department Of State, Assistant Secretary for International Security & Non-Proliferation",4,15
"Fortine Ochoa, Carol General Services Administration, Inspector General",8,15
"Fortson, Kyle H National Mediation Board, Member",5,15
"Fotouhi, David Environmental Protection Agency, Deputy Administrator",3,15
"Fountain, David B Tennessee Valley Authority, DAEO",24,16
"Fountain, Edwin L American Battle Monuments Commission, DAEO",6,16
"Fox, Cherunda Candidates - F.E.C., Presidential Candidate",3,16
"Fox, Christopher Office Of Director Of National Intelligence, Inspector General of the Intelligence Community",1,16
"Fox, Kimberley K. Department Of Health And Human Services, Certificate of Divestiture",1,16
"Fox, Radhika Environmental Protection Agency, Assistant Administrator for Office of Water",8,16
"Frank, Halsey B Department Of Justice, U.S. Attorney Maine",25,16
"Franklin, Louis V Department Of Justice, U.S. Attorney Alabama Middle District",11,16
"Franklin, Sharon B Privacy And Civil Liberties Oversight Board, Chair",18,16
"Franks, Gwendolyn Morris K. Udall Foundation, DAEO",5,16
"Freed, David Department Of Justice, U.S. Attorney Pennsylvania Middle District",15,16
"Freedman, Carla Department Of Justice, U.S. Attorney New York Northern District",15,16
"Frey, Henry C Environmental Protection Agency, Assistant Administrator for Research & Development",5,16
"Friedman, David Department Of State, Ambassador to Israel (State of)",4,16
"Friedman, Jennifer Department Of Health And Human Services, Certificate of Divestiture",1,16
"Friedman, Lauren Department Of Health And Human Services, Certificate of Divestiture",1,16
"Fuchs, Clinton Department Of Justice, U.S. Marshal Maryland",3,16
"Fuchs, Michael Office Of The Vice President, Certificate of Divestiture",1,16
"Fuchs, Patrick Surface Transportation Board, Member",5,16
"Fuchs, Patrick Surface Transportation Board, Member 2",2,16
"Gaiser, Thomas Department Of Justice, Assistant Attorney General, Office of Legal Counsel",3,16
"Gakhar, Bindu Office Of Administration, Certificate of Divestiture",1,16
"Gakhar, Bindu Office Of Administration, Chief of Enterprise Applications",3,16
"Garber, Judith G Department Of State, Ambassador to Cyprus (Republic of)",8,16
"Garrish, Theodore Department Of Energy, Assistant Secretary for International Affairs",5,16
"Garrish, Theodore Department Of Energy, Assistant Secretary for Nuclear Energy",1,16
"Gartner, Eric S Department Of Justice, U.S. Marshal Pennsylvania Eastern District",17,17
"Gast, Scott F White House Office, DAEO",2,17
"Gast, Scott F White House Office, Special Assistant to President",1,17
"George, Dylan B. Department Of Health And Human Services, Certificate of Divestiture",1,17
"George, Joey R Department Of The Treasury, Inspector General for Tax Administration",7,17
"George, Kenneth S Department Of State, Ambassador to Uruguay (Oriental Republic of)",15,17
"Gibbons, John Department Of Justice, U.S. Marshal Massachusetts",19,17
"Gibson, Susan S National Reconnaissance Office, Inspector General",4,17
"Gibson, Ventris Department Of The Treasury, Director of the Mint",4,17
"Gidwitz, Ronald J Department Of State, Ambassador to Belgium",4,17
"Gil, Dario Department Of Energy, Under Secretary for Science",4,17
"Gilmartin, Kayleigh White House Office, Press Secretary",3,17
"Gilmore, Gregory M Department Of Justice, U.S. Attorney Illinois Central District",1,17
"Giroir, Brett P Department Of Health And Human Services, Assistant Secretary for Health",3,17
"Giroir, Brett P Department Of State, U.S. Representative on Executive Board of World Health Organization",2,17
"Gitenstein, Mark Department Of State, U.S. Representative to European Union",11,17
"Glawe, David J Department Of Homeland Security, Under Secretary for Intelligence & Analysis",2,17
"Godec, Robert F Department Of State, Ambassador to Thailand (Kingdom of)",5,17
"Goffman, Joseph M. Environmental Protection Agency, Assistant Administrator for Air & Radiation",9,17
"Goffman, Joseph M. Environmental Protection Agency, Certificate of Divestiture",1,17
"Goldsmith-Romero, Christina L Commodity Futures Trading Commission, Commissioner",11,17
"Goldsmith-Romero, Christina L Department Of The Treasury, Special Inspector General for The Troubled Asset Relief Program",9,17
"Goldsmith-Romero, Christina L Department Of The Treasury, Special Inspector General for the Troubled Asset Relief Program",9,17
"Goldsmith-Romero, Christy L Commodity Futures Trading Commission, Commissioner",8,17
"Goldsmith-Romero, Christy L Federal Deposit Insurance Corporation, Member & Chairperson",2,17
"Gomez, Anna Federal Communications Commission, Commissioner",3,18
"Gomez, Lisa Department Of Labor, Assistant Secretary for Employee Benefits Security",7,18
"Gonzales, David P Department Of Justice, U.S. Marshal of Arizona",4,18
"Gonzales, Michael C Department Of State, Ambassador to Zambia (Republic of)",5,18
"Gonzales, Rebecca E Department Of State, Ambassador to Lesotho (Kingdom of)",4,18
"Gonzales, Rebecca E Department Of State, Director, Office of Foreign Missions",4,18
"Gor, Sergio Department Of State, Ambassador to India",1,18
"Gor, Sergio White House Office, Director of the Office of Presidential Personnel",2,18
"Gould, Benjamin Department Of Energy, Certificate of Divestiture",1,18
"Gould, Jonathan Department Of The Treasury, Comptroller of the Currency",4,18
"Graham, Gwen Department Of Education, Assistant Secretary for Legislation & Congressional Affairs",6,18
"Graham, Marcus Farm Credit Administration And Farm Credit System Insurance Corp., Member, Farm Credit Administration Board",1,18
"Graham, Michael E National Transportation Safety Board, Member",17,18
"Graham, Michael E National Transportation Safety Board, Member 2",1,18
"Graves, Donet D Department Of Commerce, Deputy Secretary",8,18
"Graves, Matthew Department Of Justice, U.S. Attorney District of Columbia",4,18
"Greenblatt, Mark Department Of The Interior, Inspector General",29,18
"Grigsby, Stacey K White House Office, Deputy Counsel to the President",4,18
"Grumbine, Megan G Federal Retirement Thrift Investment Board, DAEO",4,18
"Grundmann, Susan T Federal Labor Relations Authority, Member",12,18
"Gupta, Geeta Department Of State, Ambassador at Large for Women's Global Issues",3,18
"Gupta, Neeaj Consumer Financial Protection Bureau, Certificate of Divestiture",1,18
"Gupta, Neha Department Of Health And Human Services, Certificate of Divestiture",1,18
"Gupta, Rahul Office Of National Drug Control Policy, Director",1,18
"Gupta, Vanita Department Of Justice, Associate Attorney General",7,18
"Hadjiyane, Paul Department Of Defense - Office Of Inspector General, DAEO",33,18
"Hahn, Julia A White House Office, Deputy Communications Director",2,19
"Hahn, Stephen M Department Of Health And Human Services, Commissioner, Food & Drug Administration",2,19
"Hale, David M Department Of State, Ambassador to Pakistan (Islamic Republic of)",1,19
"Hale, David M Department Of State, Under Secretary for Political Affairs",2,19
"Hallett, Stephanie L Department Of State, Ambassador to Bahrain (Kingdom of)",4,19
"Handberg, Roger B Department Of Justice, U.S. Attorney Florida Middle District",10,19
"Hansell, Bradley Department Of Defense/Office Of The Secretary, Under Secretary for Intelligence & Security",2,19
"Hanson, Catherine Environmental Protection Agency, Chief Financial Officer",1,19
"Hanson, Christopher T Nuclear Regulatory Commission, Commissioner",12,19
"Hanson, Christopher T Nuclear Regulatory Commission, Commissioner 2",6,19
"Harper, Todd M National Credit Union Administration, Member, National Credit Union Administration Board",13,19
"Harper, Todd M National Credit Union Administration, Member, National Credit Union Administration Board 2",8,19
"Harpootlian, Jamie Department Of State, Ambassador to Slovenia (Republic of)",25,19
"Harris, Benjamin Department Of The Treasury, Assistant Secretary for Economic Policy",3,19
"Harris, Cathy A Merit Systems Protection Board, Member",2,19
"Harris, Cathy A Merit Systems Protection Board, Member & Chairman",2,19
"Harris, Grant Department Of Commerce, Assistant Secretary for Industry & Analysis",4,19
"Harris, Gregory Department Of Justice, U.S. Attorney Illinois Central District",6,19
"Harris, Harry Department Of State, Ambassador to Korea (Republic of)",3,19
"Harris, Joshua M Department Of State, Ambassador to Algeria (Democratic & Popular Republic of)",1,19
"Harris, Kamala D Candidates - F.E.C., Presidential Candidate",1,19
"Harris, Kamala D Candidates - F.E.C., Vice Presidential Candidate",1,19
"Harris, Milancy D Department Of Defense/Office Of The Secretary, Deputy Under Secretary for Intelligence and Security",4,19
"Harris, Seth White House Office, Deputy Assistant to President & Deputy Director National Economic Council",3,19
"Hartley, Jane D Department Of State, Ambassador to United Kingdom of Great Britain & Northern Ireland",10,19
"Hartogensis, Gordan A Pension Benefit Guaranty Corporation, Director",30,19
"Hauptman, Kyle National Credit Union Administration, Member, National Credit Union Administration Board",9,20
"Haustveit, Kyle Department Of Energy, Assistant Secretary for Fossil Energy",4,20
"Havranek, John F Department Of Homeland Security, DAEO",3,20
"Hedlund, Karen Surface Transportation Board, Member",13,20
"Henger, Allison Clements Federal Energy Regulatory Commission, Commissioner",6,20
"Hennessey-Niland, John T Department Of State, Ambassador to Palau (Republic of)",30,20
"Henzel, Christopher P Department Of State, Ambassador to Yemen (Republic of)",6,20
"Herrnstadt, Owen Export-Import Bank Of The United States, Member, Board of Directors",6,20
"Hershman, Lisa W Department Of Defense/Office Of The Secretary, Chief Management Officer",2,20
"Hickey, Douglas Department Of State, Ambassador to Finland (Republic of)",6,20
"Hidalgo, Rosemarie Department Of Justice, Director, Violence Against Women Office",4,20
"Hill, Christopher R Department Of State, Ambassador to Serbia (Republic of)",5,20
"Hill, Ezekiel Securities And Exchange Commission, Certificate of Divestiture",1,20
"Hill, Joshua Federal Energy Regulatory Commission, Certificate of Divestiture",1,20
"Hill, Thomas Department Of The Interior, Certificate of Divestiture",1,20
"Hill, Travis Federal Deposit Insurance Corporation, Member & Chairperson",1,20
"Hill, Travis Federal Deposit Insurance Corporation, Member & Vice Chairman",4,20
"Hinderstein, Corey Department Of Energy, Deputy Administrator for Defense Nuclear Nonproliferation",37,20
"Hoehn-Saric, Alex Consumer Product Safety Commission, Commissioner & Chairman",12,21
"Hoekstra, Peter Department Of State, Ambassador to Canada",1,21
"Hoekstra, Peter Department Of State, Ambassador to Netherlands (Kingdom of)",5,21
"Holgate, Laura S Department Of State, U.S. Representative to Vienna Office of the United Nations & U.S. Representative to International Atomic Energy Agency w/rank of Ambassador",5,21
"Honey, David A Department Of Defense/Office Of The Secretary, Deputy Under Secretary for Research & Engineering",5,21
"Hood, Joey R Department Of State, Ambassador to Tunisia (Republic of)",3,21
"Hood, Robert R Department Of Defense/Office Of The Secretary, Assistant Secretary for Legislative Affairs",2,21
"Hood, Rodney Department Of The Treasury, Certificate of Divestiture",1,21
"Hood, Rodney E National Credit Union Administration, Member, National Credit Union Administration Board",6,21
"Horowitz, Michael E Department Of Justice, Inspector General",14,21
"Hovland, Benjamin W Election Assistance Commission, Commissioner",7,21
"Hovland, Jean C Department Of Health And Human Services, Commissioner, Administration for Native Americans",2,21
"Howery, Kenneth A Department Of State, Ambassador to Denmark",2,21
"Howery, Kenneth A Department Of State, Ambassador to Sweden",18,21
"Hruby, Jill Department Of Energy, Under Secretary for Nuclear Security & Administrator, National Nuclear Security Administration",6,21
"Huckabee, Michael Department Of State, Ambassador to Israel (State of)",4,21
"Hunter, Andrew Department Of The Air Force, Assistant Secretary for Acquisition, Technology, and Logistics",30,21
"Hunter, Caroline C Federal Election Commission, Commissioner",2,21
"Hunter, Danita Department Of Health And Human Services, Certificate of Divestiture",1,21
"Hurley, John Department Of The Treasury, Under Secretary for Terrorism & Financial Crimes",3,21
"Hussain, Rashad Department Of State, Ambassador at Large for International Religious Freedom",10,21
"Hutchison, Kay B Department Of State, Ambassador to the North Atlantic Treaty Organization",21,21
"Ihlenfeld, William J Department Of Justice, U.S. Attorney West Virginia Northern District 2",52,21
"Inman, James Todd National Transportation Safety Board, Member",14,22
"Ison, Dawn Department Of Justice, U.S. Attorney Michigan Eastern District",5,22
"Jackson, Earl W Candidates - F.E.C., Presidential Candidate",1,22
"Jackson, Kateland Department Of Homeland Security, DAEO",1,22
"Jackson, Maria R National Endowment For The Arts, Chairman",6,22
"Jackson, Robert J Securities And Exchange Commission, Commissioner",1,22
"Jacob, Gregory F Office Of The Vice President, Counsel to Vice President",3,22
"Jacobs, Erik Department Of State, Certificate of Divestiture",1,22
"Jacobs, Gretchen Access Board, DAEO",9,22
"Jacobs, Joshua D Department Of Veterans Affairs, Under Secretary for Benefits",6,22
"Jacobs, Keith S Candidates - F.E.C., Presidential Candidate",2,22
"Jacobs, Neil A Department Of Commerce, Assistant Secretary for Environmental Observation & Prediction",2,22
"Jacobs, Neil A Department Of Commerce, Under Secretary for Oceans & Atmosphere & Administrator, NOAA",1,22
"Jacobson, Daniel F Office Of Administration, General Counsel Office of Administration & Special Assistant to President",4,22
"Jacobson, Rachel Department Of The Army, Assistant Secretary for Installations, Energy & Environment",18,22
"Jacobson, Tracey A Department Of State, Ambassador to Iraq (Republic of)",1,22
"Jaddou, Ur Department Of Homeland Security, Director, U.S. Citizenship & Immigration Services",31,22
"Jagadesan, Dev U.S. International Development Finance Corporation, DAEO",8,23
"Jayne, Thomas R Railroad Retirement Board, Member",50,23
"Jayne, Thomas R Railroad Retirement Board, Member 2",1,23
"Jette, Bruce D Department Of The Army, Assistant Secretary for Acquisition, Logistics, & Technology",5,23
"Jinks, Kevin M Privacy And Civil Liberties Oversight Board, DAEO",5,23
"Johnson, Alfred Department Of The Treasury, Certificate of Divestiture",1,23
"Johnson, Carole Department Of Health And Human Services, Certificate of Divestiture",1,23
"Johnson, Clifford D Department Of Justice, U.S. Attorney Indiana Northern District",5,23
"Johnson, David S Department Of The Treasury, Inspector General for Tax Administration",1,23
"Johnson, Jennifer Department Of State, Ambassador to Micronesia (Federated States of)",3,23
"Johnson, Kristin Commodity Futures Trading Commission, Commissioner",7,23
"Johnson, Kristin Department Of The Treasury, Assistant Secretary for Financial Institutions",1,23
"Johnson, Lisa A Department Of State, Ambassador to Lebanon (Republic of)",3,23
"Johnson, Lisa A Department Of State, Ambassador to Namibia (Republic of)",2,23
"Johnson, Lynn A Department Of Health And Human Services, Assistant Secretary for Children and Families",16,23
"Johnson, Mary L National Mediation Board, DAEO",2,23
"Johnson, Melissa R. Department Of Health And Human Services, Certificate of Divestiture",1,23
"Johnson, Perry L Candidates - F.E.C., Presidential Candidate",1,23
"Johnson, Robert ""Woody"" Department Of State, Ambassador to United Kingdom of Great Britain & Northern Ireland",14,23
"Johnson, Ronald D Department Of State, Ambassador to El Salvador (Republic of)",2,23
"Johnson, Ronald D Department Of State, Ambassador to Mexico",1,23
"Johnson, Sylvia Chemical Safety And Hazard Investigation Board, Member",4,23
"Johnson, Thomas M Federal Communications Commission, DAEO",2,23
"Jones, Anthony D Office Of National Drug Control Policy, DAEO",6,24
"Jones, Betony Department Of Energy, Certificate of Divestiture",1,24
"Jones, Brenda Department Of Health And Human Services, Certificate of Divestiture",1,24
"Jones, Brittany Candidates - F.E.C., Presidential Candidate",1,24
"Jones, David President's Intelligence Advisory Board, DAEO",1,24
"Jones, Douglas D Department Of State, Ambassador to Bosnia & Herzegovina",1,24
"Jones, Gina Maria Ortiz Department Of The Air Force, Under Secretary",3,24
"Jones, Kali C Department Of State, Ambassador to Benin (Republic of)",1,24
"Jones, Kristyn Department Of The Air Force, Assistant Secretary for Financial Management (Comptroller)",6,24
"Jones, Meredith A White House Office, Deputy Assistant to the President & Deputy Director of Legislative Affairs & House Liaison",2,24
"Jorge, Maria F Inter-American Development Bank, U.S. Alternate Executive Director",7,24
"Jorge, Maria F Inter-American Foundation, Member, Board of Directors",3,24
"Joseph, David C Department Of Justice, U.S. Attorney Louisiana Western District",4,24
"Jovanovic, Jovan Export-Import Bank Of The United States, President & Chairman",3,24
"Kadlec, Robert P Department Of Defense/Office Of The Secretary, Assistant Secretary for Nuclear, Chemical & Biological Defense Programs",1,24
"Kadlec, Robert P Department Of Health And Human Services, Assistant Secretary for Preparedness & Response",3,24
"Kaplan, Gilbert B Department Of Commerce, Under Secretary for International Trade",1,24
"Kaplan, Jennifer Y White House Office, Deputy Assistant to the President & Senior Advisor to the Director of the Office of Public Engagement",2,24
"Kaplan, Jonathan Department Of State, Ambassador to Singapore (Republic of)",11,24
"Kaplan, Marvin E National Labor Relations Board, Member",1,24
"Kaplan, Marvin E National Labor Relations Board, Member 2",6,24
"Kaplan, Matthew Great Lakes Authority, Federal Cochairperson",1,24
"Kaplan, Melanie Department Of State, Certificate of Divestiture",1,24
"Karlin, Mara E Department Of Defense/Office Of The Secretary, Assistant Secretary for Strategy, Plans, & Capabilities",9,24
"Karpel, Amy A International Trade Commission, Commissioner",17,24
"Kautter, David J Department Of The Treasury, Assistant Secretary For Tax Policy",19,24
"Kautter, David J Department Of The Treasury, Assistant Secretary for Tax Policy",19,24
"Kavanaugh, Christopher Department Of Justice, U.S. Attorney Virginia Western District",22,24
"Kaye, Elliot F Consumer Product Safety Commission, Commissioner",3,24
"Kaye, Janice A Office Of The Us Trade Representative, DAEO",55,24
"Kearns, Jason E International Trade Commission, Commissioner 2",36,25
"Keats, Craig Surface Transportation Board, DAEO",7,25
"Keefe, Lawrence Department Of Justice, U.S. Attorney Florida Northern District",10,25
"Kelley, Karen D Department Of Commerce, Deputy Secretary",3,25
"Kellogg, Joseph K Office Of The Vice President, National Security Adviser to the Vice President",7,25
"Kelly, Joseph P Department Of Justice, U.S. Attorney Nebraska",11,25
"Kelly, Marcia N White House Office, Senior Advisor to The First Lady",2,25
"Kemper, Rufus C Institute Of Museum And Library Services, Director",37,25
"Kenna, Lisa D Department Of State, Ambassador to Peru (Republic of)",17,26
"Kennedy, Adam R White House Office, Deputy Assistant to President & Deputy Director of Communications",1,26
"Kennedy, Caroline B Department Of State, Ambassador to Australia",20,26
"Kennedy, Robert F Candidates - F.E.C., Presidential Candidate",2,26
"Kennedy, Victoria R Department Of State, Ambassador to Austria (Republic of)",25,26
"Kenny, Stephen White House Office, Deputy Counsel to the President",9,26
"Keohane, Ronald Department Of Defense/Office Of The Secretary, Assistant Secretary for Manpower & Reserve Affairs",4,26
"Kerest, Nikolas Department Of Justice, U.S. Attorney Vermont",5,26
"Kernan, Joseph D Department Of Defense/Office Of The Secretary, Under Secretary for Intelligence",8,26
"Kies, Kenneth Department Of The Treasury, Assistant Secretary for Tax Policy",2,26
"Kiko, Colleen D Federal Labor Relations Authority, Member",17,26
"Kiko, Colleen D Federal Labor Relations Authority, Member 2",12,26
"Killin, Jessica White House Office, Deputy Assistant to the President",6,27
"Kim, Sung Y Department Of State, Ambassador to Indonesia (Republic of)",4,27
"Kim, Sung Y Department Of State, Ambassador to Philippines (Republic of)",1,27
"Kim, Todd Department Of Justice, Assistant Attorney General, Environment & Natural Resources Division",5,27
"Kim, Yuri J Department Of State, Ambassador to Albania (Republic of)",9,27
"King, Dena Department Of Justice, U.S. Attorney North Carolina Western District",6,27
"King, Robert L Department Of Education, Assistant Secretary for Postsecondary Education",2,27
"King, Stephen B Department Of State, Ambassador to Czech Republic",3,27
"Kirsch, Thomas Department Of Justice, U.S. Attorney Indiana Northern District",2,27
"Klecheski, Michael S Department Of State, Ambassador to Mongolia",7,27
"Klein, Adam I Privacy And Civil Liberties Oversight Board, Chair",2,27
"Klein, Ethan A Office Of Science And Technology Policy, Associate Director for Technology",1,27
"Klein, Jennifer A National Archives And Records Administration, DAEO",4,27
"Klein, Jennifer White House Office, Certificate of Divestiture",1,27
"Klein, Jennifer White House Office, Deputy Assistant to the President & Co-Chair and Executive Director, Gender Policy Council",8,27
"Klejst, Stephen Chemical Safety And Hazard Investigation Board, DAEO",4,27
"Kneedler, Eric W Department Of State, Ambassador to Rwanda (Republic of)",13,27
"Kocur, Ana M Railroad Retirement Board, DAEO",40,27
"Koh, Daniel White House Office, Deputy Director Intergovernmental Affairs",10,27
"Koh, Daniel White House Office, Special Assistant to President",1,27
"Kolko, Jed Department Of Commerce, Under Secretary for Economic Affairs",5,27
"Korhonen, Rachna Department Of State, Ambassador to Mali (Republic of)",16,27
"Kozma, Matthew Department Of Homeland Security, Under Secretary for Intelligence & Analysis",2,28
"Kramer, Jessica Environmental Protection Agency, Assistant Administrator for Office of Water",1,28
"Kramer, John Department Of Transportation, Chief Financial Officer",3,28
"Kramer, Richard Railroad Retirement Board, Certificate of Divestiture",1,28
"Krass, Caroline D Department Of Defense/Office Of The Secretary, General Counsel",9,28
"Kratsios, Michael J Office Of Science And Technology Policy, Associate Director for Technology",6,28
"Kratsios, Michael J Office Of Science And Technology Policy, Director",1,28
"Kuczynski, Christopher Access Board, DAEO",12,28
"Kushner, Charles Department Of State, Ambassador to France & Monaco",2,28
"Kushner, Jared C. White House Office, Assistant to President & Senior Advisor",4,28
"LaBolt, Benjamin C White House Office, Assistant to the President",6,28
"Land, Guy P Appalachian Regional Commission, DAEO",15,28
"Lauretano, Daniel A Selective Service System, DAEO",5,28
"Lausch, John Department Of Justice, U.S. Attorney Illinois Northern District",15,28
"LeBlanc, Travis Privacy And Civil Liberties Oversight Board, Member",3,28
"LeBlanc, Travis Privacy And Civil Liberties Oversight Board, Member 2",22,28
"Leaf, Barbara A Department Of State, Assistant Secretary for Near Eastern Affairs",5,28
"Lelling, Andrew Department Of Justice, U.S. Attorney Massachusetts",3,28
"Lempert, Yael N Department Of State, Ambassador to Jordan (Hashemite Kingdom of)",5,28
"Lerner, Jay N Federal Deposit Insurance Corporation, Inspector General",10,28
"Leventhal, Alan Department Of State, Ambassador to Denmark",8,29
"Leventis, Henry Department Of Justice, U.S. Attorney Tennessee Middle District",4,29
"Levine, Rachel Department Of Health And Human Services, Assistant Secretary for Health",5,29
"Levine, Randi Department Of State, Ambassador to Portuguese Republic",24,29
"Lewis, Jessica Department Of State, Assistant Secretary for Political- Military Affairs",7,29
"Lewis, John Department Of Commerce, Certificate of Divestiture",1,29
"Lewis, Michelle Department Of Commerce, Certificate of Divestiture",1,29
"Lewis, Reta Jo Export-Import Bank Of The United States, President & Chairman",4,29
"Lichter, Jennifer B White House Office, Deputy Assistant to President for Domestic Policy Council",6,29
"Liddell, Christopher White House Office, Assistant to President & Director of Strategic Initiatives",12,29
"Lightner, Jon Defense Logistics Agency, DAEO",2,29
"Linick, Steve A Department Of State, Inspector General",12,29
"Lipstadt, Deborah Department Of State, Special Envoy to Monitor and Combat Anti-Semitism w/rank of Ambassador",5,29
"Litzenberger, Earle D Department Of State, Ambassador to Azerbaijan (Republic of)",5,29
"Locascio, Laurie Department Of Commerce, Under Secretary for Standards & Technology & Director, National Institute of Standards & Technology",5,29
"Loeffler, Kelly Small Business Administration, Administrator",7,29
"Lofthus, Leon J Department Of Justice, DAEO",13,29
"Logan, Vincent G Farm Credit Administration And Farm Credit System Insurance Corp., Member, Farm Credit Administration Board",16,29
"Lopez-Suarez, Lisa Small Business Administration, DAEO",27,29
"Lowman, Christopher J Department Of Defense/Office Of The Secretary, Assistant Secretary for Sustainment",5,30
"Lowry, John Department Of Labor, Assistant Secretary for Veterans` Employment & Training",3,30
"Lu, Christopher P Department Of State, U.S. Representative to United Nations for U.N. Management and Reform w/rank of Ambassador",5,30
"Lu, Donald Department Of State, Ambassador To Kyrgyz Republic",2,30
"Lu, Donald Department Of State, Assistant Secretary for South Asian Affairs",5,30
"Lucius, Kristine Office Of The Vice President, Deputy Assistant to the President & Domestic Policy Advisor",5,30
"Luger, Andrew M Department Of Justice, U.S. Attorney Minnesota 2",30,30
"MacDonald, Erica H Department Of Justice, U.S. Attorney Minnesota",2,30
"Macdonald, Margaret International Trade Commission, DAEO",6,30
"Maffei, Daniel B Federal Maritime Commission, Commissioner 2",6,30
"Maffei, Daniel B Federal Maritime Commission, Commissioner 3",2,30
"Magnus, Christopher Department Of Homeland Security, Commissioner, U.S. Customs & Border Protection",4,30
"Maher, Joseph Department Of Homeland Security, DAEO",36,30
"Makary, Martin A Department Of Health And Human Services, Commissioner, Food & Drug Administration",5,30
"Mallory, Brenda Council On Environmental Quality, Member",7,30
"Maloney, Carol A Department Of Health And Human Services, Certificate of Divestiture",1,30
"Maloney, Jeanne M Department Of State, Ambassador to Eswatini (Kingdom of)",5,30
"Maloney, Sean P Department Of State, U.S. Representative to Organization for Economic Cooperation & Development w/rank of Ambassador",2,30
"Manasco, Shon J Department Of The Air Force, Assistant Secretary For Manpower & Reserve Affairs",16,30
"Manasco, Shon J Department Of The Air Force, Assistant Secretary for Manpower & Reserve Affairs",16,30
"Manasco, Shon J Department Of The Air Force, Under Secretary",1,30
"Manchin, Gayle Appalachian Regional Commission, Federal Co-Chairman",8,31
"Mancini, Nadine N Occupational Safety And Health Review Commission, DAEO",41,31
"Markell, Jack Department Of State, Ambassador to Italian Republic & Republic of San Marino",16,31
"Markell, Jack Department Of State, U.S. Representative to Organization for Economic Cooperation & Development w/rank of Ambassador",47,31
"Martin, Brian E.J. Consumer Financial Protection Bureau, Certificate of Divestiture",2,32
"Martin, Carmel White House Office, Deputy Assistant to the President & Deputy Director of the DPC for Economic Mobility",9,32
"Martin, Edward Department Of Justice, U.S. Attorney District of Columbia",1,32
"Martin, Heather D Office Of Administration, Chief Financial Officer",1,32
"Martin, Matthew G.T. Department Of Justice, U.S. Attorney North Carolina Middle District",2,32
"Martin, Melissa Presidio Trust, DAEO",3,32
"Martin, Paul K Agency For International Development (Aid), Inspector General",4,32
"Martin, Paul K National Aeronautics And Space Administration, Inspector General",5,32
"Marzano, Matthew Nuclear Regulatory Commission, Commissioner",5,32
"Mason, Cheryl L Department Of Veterans Affairs, Assistant Secretary for Accountability & Whistleblower Protection",1,32
"Mason, Cheryl L Department Of Veterans Affairs, Chairman Board Of Veterans Appeals",4,32
"Mason, Cheryl L Department Of Veterans Affairs, Inspector General",2,32
"Mason, Julie Office Of The Vice President, Deputy Assistant to the President & Chief of Staff to the Second Gentleman",3,32
"Mason, Michael S Securities And Exchange Commission, Certificate of Divestiture",1,32
"Massarone, Charles T Department Of Justice, Commissioner, U.S. Parole Commission",7,32
"Massinga, Ervin J Department Of State, Ambassador to Ethiopia (Federal Democratic Republic of)",4,32
"Matthew, Kathryn K Institute Of Museum And Library Services, Director",2,32
"Matthews, Earl G Department Of Defense/Office Of The Secretary, General Counsel",1,32
"Matthews, Matthew J Department Of State, Ambassador to Brunei Darussalam",1,32
"Mattos, Juan Department Of Justice, U.S. Marshal New Jersey",7,32
"McCaffery, Thomas P Department Of Defense/Office Of The Secretary, Assistant Secretary for Health Affairs",3,32
"McCain, Cindy Department Of State, U.S. Representative to United Nations Agencies for Food and Agriculture (with rank of Ambassador during service)",7,32
"McCance-Katz, Elinore F Department Of Health And Human Services, Assistant Secretary for Mental Health & Substance Use Disorders, SAMHSA",3,32
"McCann, Adrienne Wojciechowski Department Of Agriculture, Assistant Secretary for Congressional Relations",12,32
"McCargo, Alanna Department Of Housing And Urban Development, President, Government National Mortgage Association",5,32
"McCarthy, Ellen E Department Of State, Assistant Secretary for Intelligence & Research",2,32
"McCarthy, John W White House Office, Deputy Assistant to the President & Senior Advisor for Political Engagement",2,32
"McCarthy, Michael A Department Of State, Ambassador to Liberia (Republic of)",17,32
"McCarthy, Regina A White House Office, Assistant to the President & National Climate Advisor",5,32
"McCarthy, Richard J Millennium Challenge Corporation, DAEO",4,32
"McCourt, Jamie Dee Department Of State, Ambassador to France & Monaco",16,32
"McFerran, Bryce Export-Import Bank Of The United States, First Vice President & Vice Chairman",1,32
"McFerran, Lauren M National Labor Relations Board, Member 2",6,32
"McFerran, Lauren M National Labor Relations Board, Member 3",2,32
"McGranahan, John Russell General Services Administration, DAEO",2,32
"McGranahan, John Russell Securities And Exchange Commission, Certificate of Divestiture",2,32
"McIntosh, Brent J Department Of The Treasury, Under Secretary for International Affairs",8,32
"McIntosh, William C Environmental Protection Agency, Assistant Administrator for International & Tribal Affairs",3,32
"McKernan, Jonathan Consumer Financial Protection Bureau, Director",1,32
"McKernan, Jonathan Department Of The Treasury, Under Secretary for Domestic Finance",2,32
"McKernan, Jonathan Federal Deposit Insurance Corporation, Member, Board of Directors",15,32
"McSwain, William M Department Of Justice, U.S. Attorney Pennsylvania Eastern District",16,32
"Meadows, Mark White House Office, Chief of Staff",4,32
"Meehan, Bernadette Department Of State, Ambassador to Chile (Republic of)",6,33
"Melroy, Pamela National Aeronautics And Space Administration, Deputy Administrator",7,33
"Menezes, Mark W Department Of Energy, Under Secretary",5,33
"Merrick, Nicholas A Department Of State, Ambassador to Czech Republic",3,33
"Mersinger, Summer Commodity Futures Trading Commission, Commissioner",2,33
"Mersinger, Summer Commodity Futures Trading Commission, Commissioner 2",5,33
"Merten, Kenneth H Department Of State, Ambassador to Bulgaria (Republic of)",21,33
"Meyer, Alexander White House Office, Director, Intergovernmental Affairs",1,33
"Meyer, Eric Department Of State, Ambassador to Democratic Socialist Republic of Sri Lanka",1,33
"Meyer, Jonathan Department Of Homeland Security, General Counsel",7,33
"Meyer, Joyce Department Of Commerce, Under Secretary for Economic Affairs",1,33
"Michael, Emil G Department Of Defense/Office Of The Secretary, Under Secretary for Research & Engineering",6,33
"Michael, Molly A White House Office, Deputy Assistant to the President",1,33
"Milgram, Anne Department Of Justice, Administrator, Drug Enforcement Administration",9,33
"Milhiser, John C Department Of Justice, U.S. Attorney Illinois Central District",3,33
"Miller, Brian D Department Of Justice, U.S. Attorney Pennsylvania Middle District",1,33
"Miller, Brian D Department Of The Treasury, Special Inspector General for Pandemic Recovery",5,33
"Miller, Craig G Defense Threat Reduction Agency, DAEO",30,33
"Miller, Earl R Department Of State, Ambassador to Bangladesh (People's Republic of)",2,33
"Miller, Earl R Department Of State, Ambassador to Bangladesh (Peoples Republic of)",2,33
"Miller, Jason S Office Of Management And Budget, Deputy Director",1,33
"Miller, Jeffrey B Department Of Defense/Office Of The Secretary, Certificate of Divestiture",1,33
"Miller, Kathleen S Department Of Defense/Office Of The Secretary, Principal Deputy Under Secretary for Comptroller",7,33
"Miller, Katie R White House Office, Deputy Assistant to President & Director of Communications to Vice President",1,33
"Miller, Max Federal Trade Commission, Certificate of Divestiture",1,33
"Miller, Max White House Office, Deputy Assistant to President & Director of Presidential Advance",6,33
"Miller, Scott Department Of State, Ambassador to Swiss Confederation & to Principality of Liechtenstein",35,33
"Miller, Stephen White House Office, Deputy Chief of Staff for Policy and Homeland Security Advisor",3,33
"Miller, Stephen White House Office, Senior Advisor",2,33
"Mills, Richard M Department Of State, Ambassador to Nigeria (Federal Republic of)",5,34
"Mills, Richard M Department Of State, Deputy Representative to United Nations & to United Nations General Assembly (UNGA)",7,34
"Milstein, Constance J Department Of State, Ambassador to Malta (Republic of)",27,34
"Missal, Michael J Department Of Veterans Affairs, Inspector General",50,34
"Moffitt, Jennifer Department Of Agriculture, Under Secretary for Marketing & Regulatory Programs",6,34
"Monheim, Thomas A National Geospatial Intelligence Agency, DAEO",1,34
"Monheim, Thomas A Office Of Director Of National Intelligence, Inspector General of the Intelligence Community",13,34
"Morgan, Matthew E Office Of The Vice President, DAEO",1,34
"Morgan, Michael Department Of Commerce, Assistant Secretary for Environmental Observation & Prediction, NOAA",7,34
"Morgan, Richard O Privacy And Civil Liberties Oversight Board, DAEO",3,34
"Morrison, Jonathan Department Of Transportation, Administrator, National Highway Traffic Safety Administration",2,34
"Mosbacher, Georgette Department Of State, Ambassador to Poland (Republic of)",3,34
"Murphy, Elizabeth K. Department Of Health And Human Services, Certificate of Divestiture",1,35
"Murphy, Emily General Services Administration, Administrator",2,35
"Murphy, James National Labor Relations Board, Member",1,35
"Murphy, Kara Department Of The Treasury, Certificate of Divestiture",1,35
"Murphy, Lesley Department Of Justice, U.S. Attorney Nebraska",1,35
"Murphy, Michael J Department Of State, Ambassador to Bosnia & Herzegovina",20,35
"Murphy, W. Patrick Department Of State, Ambassador to Cambodia (Kingdom of)",5,35
"Murray, Adele Securities And Exchange Commission, Certificate of Divestiture",1,35
"Murray, Andrew Department Of Justice, U.S. Attorney North Carolina Western District",3,35
"Murray, Matthew D Department Of State, U.S. Senior Official for Asia-Pacific Economic Cooperation (APEC ) Forum w/rank of Ambassador",3,35
"Murray, Scott Department Of Justice, U.S. Attorney New Hampshire",5,35
"Murthy, Vivek H Department Of Health And Human Services, Surgeon General (2)",8,35
"Mushingi, Tulinabo S Department Of State, Ambassador to Republic of Angola & Democratic Republic of Sao Tome & Principe",8,35
"Mushingi, Tulinabo S Department Of State, Ambassador to Senegal & Guinea-Bissau (Republic of)",2,35
"Mustafa, Herro Department Of State, Ambassador to Bulgaria (Republic of)",4,35
"Nathan, Scott U.S. International Development Finance Corporation, Chief Executive Officer, International Development Finance Corporation",32,35
"Nathanson, Marc Department Of State, Ambassador to Norway",7,35
"Nayak, Rajesh Department Of Labor, Assistant Secretary for Policy",12,35
"Nealy Cox, Erin A Department Of Justice, U.S. Attorney Texas Northern District",3,35
"Neiman, Brent Department Of The Treasury, Assistant Secretary for International Finance",17,35
"Neiman, Brent Department Of The Treasury, Certificate of Divestiture",1,35
"Nelson, Brian Department Of The Treasury, Under Secretary for Terrorism & Financial Crimes",1,35
"Nelson, Brian Department Of The Treasury, Under Secretary for Terrorism & Financial Intelligence",7,35
"Nelson, Clarence W National Aeronautics And Space Administration, Administrator",1,35
"Nelson, Eric G Department Of State, Ambassador to Bosnia & Herzegovina",13,35
"Nesvik, Brian Department Of The Interior, Director, U.S. Fish & Wildlife Service",3,35
"Nevins, Kristan K White House Office, Cabinet Secretary",4,35
"Neyman, Bethany L Office Of Administration, Chief Administrative Officer",5,35
"Nides, Tom Department Of State, Ambassador to Israel (State of)",11,36
"Nitze, Jane E Privacy And Civil Liberties Oversight Board, Member",5,36
"Nordquist, Jennifer D Department Of The Treasury, U.S. Executive Director, International Bank for Reconstruction & Development",18,36
"Nordquist, Jennifer D Department Of The Treasury, U.S. Executive Director, International Bank for Reconstruction & Development (World Bank Group)",1,36
"Norquist, David L Department Of Defense/Office Of The Secretary, Under Secretary for Comptroller",2,36
"Nouri, Ali Department Of Energy, Assistant Secretary for Congressional & Intergovernmental Affairs",3,36
"Nouri, Ali White House Office, Deputy Assistant to the President",4,36
"Noyes, Julieta V Department Of State, Assistant Secretary for Population, Refugees & Migration",29,36
"O'Brien, James Department Of State, Assistant Secretary for European & Eurasian Affairs",2,36
"O'Brien, James Department Of State, Director, Office of Sanctions Coordination w/rank of Ambassador",2,36
"O'Brien, James Department Of State, Head of the Office of Sanctions Coordination w/rank of Ambassador",2,36
"O'Brien, John Department Of Health And Human Services, Certificate of Divestiture",1,36
"O'Brien, Robert C White House Office, Assistant to President & National Security Advisor",2,36
"Oberman, Martin J Surface Transportation Board, Member",30,36
"Ohlweiler, John Agency For International Development (Aid), DAEO",10,36
"Oliver Davis, Valeria Rae Department Of Housing And Urban Development, Inspector General",32,36
"Olshan, Eric Department Of Justice, U.S. Attorney Pennsylvania Western District",4,37
"Ostfield, Marc L Department Of State, Ambassador to Paraguay (Republic of)",7,37
"Otting, Joseph M Department Of The Treasury, Comptroller Of The Currency",4,37
"Otting, Joseph M Department Of The Treasury, Comptroller of the Currency",4,37
"Overbaugh, Justin Department Of Defense/Office Of The Secretary, Deputy Under Secretary for Intelligence and Security",2,37
"Overbey, J. Douglas Department Of Justice, U.S. Attorney Tennessee Eastern District",5,37
"Oz, Mehmet Department Of Health And Human Services, Administrator, Centers for Medicare & Medicaid Services",8,37
"Oz, Seval Department Of Transportation, Assistant Secretary for Research & Technology",2,37
"Pace, Scott N White House Office, Executive Secretary, National Space Council",4,37
"Pak, Byung J Department Of Justice, U.S. Attorney Georgia Northern District",11,37
"Palmer, Donald L Election Assistance Commission, Commissioner",6,37
"Palmer, Virginia E Department Of State, Ambassador to Ghana (Republic of)",12,37
"Palmer, Wayne D Department Of Labor, Assistant Secretary for Mine Safety & Health",1,37
"Pamerleau, Susan L Department Of Justice, U.S. Marshal Texas Western District",34,37
"Pane, Martin J Department Of Justice, U.S. Marshal Pennsylvania Middle District",7,37
"Pankey, Lorielle L Federal Trade Commission, DAEO",13,37
"Park, Brent K Department Of Energy, Deputy Administrator for Defense Nuclear Nonproliferation",10,37
"Parsons, Ronald A Department Of Justice, U.S. Attorney South Dakota",7,38
"Parsons, Ronald A Department Of Justice, U.S. Attorney South Dakota 2",1,38
"Paschall, Richard C Department Of State, Ambassador to Gambia (Republic of)",9,38
"Pasi, Geeta Department Of State, Ambassador to Ethiopia (Federal Democratic Republic of)",3,38
"Patel, Bimal Department Of The Treasury, Assistant Secretary for Financial Institutions",1,38
"Patel, Kashyap Department Of Justice, Director, Federal Bureau of Investigation",4,38
"Patman, Carrin F Department Of State, Ambassador to Iceland (Republic of)",10,38
"Patrick, Ryan K. G. Department Of Justice, U.S. Attorney Texas Southern District",10,38
"Pausch, Matthew F Defense Logistics Agency, DAEO",4,38
"Pedrosa, Eliot Inter-American Development Bank, U.S. Executive Director",9,38
"Pence, Michael R Candidates - F.E.C., Presidential Candidate",1,38
"Pence, Robert F Department Of State, Ambassador to Finland (Republic of)",3,38
"Perez, Carol Z Department Of State, Ambassador to Chile (Republic of)",1,38
"Perez, Carol Z Department Of State, Director General of the Foreign Service",7,38
"Perez, Gabriel White House Office, Technical Advisor",1,38
"Perez, Tom White House Office, Senior Advisor & Director of Office of Intergovernmental Affairs",3,38
"Peterson, Lisa J Department Of State, Ambassador to Burundi (Republic of)",2,38
"Peterson, Lisa J Department Of State, Ambassador to Eswatini (Kingdom of)",2,38
"Peterson, Mark Uniformed Services University Of The Health Sciences, DAEO",4,38
"Petsonk, Carol Department Of Transportation, Assistant Secretary for Aviation & International Affairs",41,38
"Pham, Caroline Commodity Futures Trading Commission, Commissioner",6,38
"Phelan, John Department Of The Navy, Secretary",3,38
"Phillips, Ann Department Of Transportation, Administrator, Maritime Administration",5,38
"Phillips, Dean B Candidates - F.E.C., Presidential Candidate",1,38
"Phillips, Deborah Consumer Financial Protection Bureau, Certificate of Divestiture",1,38
"Phillips, John R National Security Council, Certificate of Divestiture",1,38
"Phillips, John R White House Office, Deputy Assistant to President & NSC Legal Advisor & Deputy Counsel to President for National Security Affairs",3,38
"Phillips, Noah J Federal Trade Commission, Commissioner",4,38
"Phillips, Willie L Federal Energy Regulatory Commission, Commissioner",5,38
"Pirro, Jeanine Department Of Justice, U.S. Attorney District of Columbia",4,38
"Poling, Ashley Postal Regulatory Commission, Commissioner",5,38
"Poling, Ashley Postal Regulatory Commission, Commissioner 2",3,38
"Pollard, Alfred M Federal Housing Finance Agency, DAEO",3,38
"Pollard, Joseph A. Armed Forces Retirement Home, DAEO",6,38
"Pommersheim, John M Department Of State, Ambassador to Tajikistan (Republic of)",16,38
"Porter, Lisa J Department Of Defense/Office Of The Secretary, Deputy Under Secretary for Research & Engineering",4,39
"Pottinger, Matt White House Office, Assistant to President & Deputy National Security Advisor",4,39
"Proffitt, Nick E Department Of Justice, U.S. Marshal Virginia Eastern District",9,39
"Prouty, David National Labor Relations Board, Member",54,39
"Proyect, Andrew C Office Of Administration, DAEO",4,39
"Proyect, Andrew C Privacy And Civil Liberties Oversight Board, DAEO",14,39
"Pryor, Judith Export-Import Bank Of The United States, First Vice President & Vice Chairman",5,39
"Pryor, Judith Export-Import Bank Of The United States, Member, Board of Directors",29,39
"Pryor, Judith Export-Import Bank Of The United States, Member, Board of Directors 2",1,39
"Puchala, Linda A National Mediation Board, Member 3",6,40
"Puchala, Linda A National Mediation Board, Member 4",2,40
"Pyatt, Geoffrey R Department Of State, Ambassador To Greece",6,40
"Pyatt, Geoffrey R Department Of State, Ambassador to Greece",6,40
"Pyatt, Geoffrey R Department Of State, Assistant Secretary for Energy Resources",5,40
"Quintenz, Brian D Commodity Futures Trading Commission, Commissioner",6,40
"Quintenz, Brian D Commodity Futures Trading Commission, Commissioner & Chairman",1,40
"Quirk, Sherry A Tennessee Valley Authority, DAEO",10,40
"Rajkovich, Marco M Federal Mine Safety And Health Review Commission, Commissioner",48,40
"Rajkovich, Marco M Federal Mine Safety And Health Review Commission, Commissioner 2",5,40
"Rajkovich, Marco M Federal Mine Safety And Health Review Commission, Commissioner 3",1,40
"Rakolta, John Department Of State, Ambassador to United Arab Emirates",13,40
"Ramamurti, Bharat N White House Office, Deputy Assistant to the President & Deputy Director of the National Economic Counsel",6,40
"Ramanathan, Erik Department Of State, Ambassador to Sweden",5,40
"Rana, Gautam A Department Of State, Ambassador to Slovak Republic",5,40
"Rapuano, Kenneth P Department Of Defense/Office Of The Secretary, Assistant Secretary for Homeland Defense",4,40
"Ratner, Ely Department Of Defense/Office Of The Secretary, Assistant Secretary for Indo-Pacific Security Affairs",7,41
"Ratney, Michael A Department Of State, Ambassador to Saudi Arabia (Kingdom of)",5,41
"Rayes, Nathalie Department Of State, Ambassador to Croatia (Republic of)",3,41
"Razdan Duggal, Shefali Department Of State, Ambassador to Netherlands (Kingdom of)",10,41
"Reed, Bruce White House Office, Assistant to the President & Deputy Chief of Staff",5,41
"Reed, Jennifer C Southeast Crescent Regional Commission, Federal Cochairperson",4,41
"Reed, Kimberly A Export-Import Bank Of The United States, President & Chairman",3,41
"Reilly, James F Department Of The Interior, Director, U.S. Geological Survey",4,41
"Reilly, Rebecca Securities And Exchange Commission, Certificate of Divestiture",1,41
"Reilly, Rob Surface Transportation Board, Certificate of Divestiture",1,41
"Reimer, David Department Of State, Ambassador to Mauritius & Seychelles (Republic of)",1,41
"Reimer, David Department Of State, Ambassador to Sierra Leone (Republic of)",5,41
"Reinke, Judy R Department Of State, Ambassador to Montenegro (Republic of)",10,41
"Restaino, Gary M Department Of Justice, U.S. Attorney Arizona",22,41
"Rettig, Charles Department Of The Treasury, Commissioner of Internal Revenue",29,41
"Reynoso, Julissa Department Of State, Ambassador to Spain & Andorra",14,41
"Reynoso, Julissa White House Office, Assistant to the President & Chief of Staff to Dr. Jill Biden",2,41
"Rice, Christopher Securities And Exchange Commission, Certificate of Divestiture",1,41
"Rice, Susan E White House Office, Assistant to the President & Domestic Policy Advisor",8,41
"Rich, Jessica Consumer Product Safety Commission, Certificate of Divestiture",1,41
"Rich, Jessica Consumer Product Safety Commission, DAEO",9,41
"Richard, Elizabeth H Department Of State, Ambassador to Greece",1,41
"Richard, Elizabeth H Department Of State, Ambassador to Lebanon (Republic of)",1,41
"Richard, Elizabeth H Department Of State, Coordinator for Counterterrorism w/rank of Ambassador at Large",1,41
"Richards, Jocelyn Department Of Energy, Certificate of Divestiture",1,41
"Richards, Jocelyn Department Of Energy, DAEO",3,41
"Richardson, Amanda Defense Threat Reduction Agency, Certificate of Divestiture",1,41
"Richardson, Cardell K Department Of State, Inspector General",4,41
"Richardson, Erin E. Department Of Health And Human Services, Certificate of Divestiture",1,41
"Richardson, John E Department Of Justice, U.S. Marshal Alabama Middle District",1,41
"Richmond, Cedric White House Office, Senior Advisor",2,42
"Richmond, Geraldine Department Of Energy, Under Secretary for Science & Energy",10,42
"Richmond, John C Department Of State, Director, Office to Monitor & Combat Trafficking w/rank of Ambassador at Large",2,42
"Rigas, Michael J Office Of Personnel Management, Deputy Director",5,42
"Riley, Mary Christina N Department Of Education, Assistant Secretary for Legislation & Congressional Affairs",1,42
"Riley, Rachel Department Of Health And Human Services, Certificate of Divestiture",1,42
"Riley, Richard H Department Of State, Ambassador to Somalia (Federal Republic of)",3,42
"Riley, Robert A Department Of State, Ambassador to Micronesia (Federated States of)",1,42
"Ritter, Alice M Appraisal Subcommittee, DAEO",5,42
"Robb, Peter National Labor Relations Board, General Counsel",5,42
"Robinson, Christopher T Department Of State, Ambassador to Latvia (Republic of)",3,42
"Robinson, Deborah Office Of The Intellectual Property Enforcement Coordinator, Intellectual Property Enforcement Coordinator",1,42
"Robinson, Todd D Department Of State, Assistant Secretary for International Narcotics & Law Enforcement Affairs",9,42
"Rodriguez, Hugo F Department Of State, Ambassador to Nicaragua (Republic of)",1,42
"Rodriguez, James D Department Of Labor, Assistant Secretary for Veterans` Employment & Training",4,42
"Rodriguez, Jose J Department Of Labor, Assistant Secretary for Employment and Training",3,42
"Rodriguez, Julie White House Office, Deputy Assistant to the President & Director of Intergovernmental Affairs",4,42
"Rodriguez, Roberto J Department Of Education, Assistant Secretary for Planning, Evaluation & Policy Development",5,42
"Rollins, Brooke L White House Office, Assistant to President for Strategic Initiatives",3,42
"Rollins, Rachael Department Of Justice, U.S. Attorney Massachusetts",2,42
"Romanowski, Alina L Department Of State, Ambassador to Iraq (Republic of)",11,42
"Romanowski, Alina L Department Of State, Ambassador to Kuwait (State of)",10,42
"Rosen, Daniel N Department Of Justice, U.S. Attorney Minnesota",1,42
"Rosen, Elizabeth Securities And Exchange Commission, Certificate of Divestiture",1,42
"Rosen, Marc J Morris K. Udall Foundation, DAEO",4,42
"Rosen, Mark J Morris K. Udall Foundation, DAEO",1,42
"Rosen, Paul Department Of The Treasury, Assistant Secretary for Investment Security",4,42
"Rosenblum, Daniel N Department Of State, Ambassador to Kazakhstan (Republic of)",4,42
"Rosenblum, Daniel N Department Of State, Ambassador to Uzbekistan (Republic of)",3,42
"Rosenblum, Deborah Department Of Defense/Office Of The Secretary, Assistant Secretary for Nuclear, Chemical & Biological Defense Programs",7,42
"Rosenworcel, Jessica G Federal Communications Commission, Commissioner",1,42
"Rosenworcel, Jessica G Federal Communications Commission, Commissioner 2",1,42
"Rosenworcel, Jessica G Federal Communications Commission, Commissioner 3",7,42
"Rosner, David Federal Energy Regulatory Commission, Commissioner",3,42
"Roth, Arielle Department Of Commerce, Assistant Secretary for Communications & Information",2,42
"Roth, John P Department Of The Air Force, Assistant Secretary for Financial Management (Comptroller)",3,42
"Ruffner, Richard White House Office, Assistant to the President & Director of Oval Office Operations",6,42
"Runkel, Christopher M National Archives And Records Administration, DAEO",11,42
"Sabet, Bijan Department Of State, Ambassador to Czech Republic",26,42
"Sandoval, Adrienne Environmental Protection Agency, Certificate of Divestiture",1,42
"Sandoval, Catherine Chemical Safety And Hazard Investigation Board, Member",6,42
"Santoro, Karen T National Science Foundation, DAEO",153,42
"Satterfield, David M Department Of State, Ambassador to Turkey (Republic of)",2,44
"Satterfield, David M. Department Of State, Ambassador to Turkey (Republic of)",3,44
"Satterfield, Lee Department Of State, Assistant Secretary for Educational & Cultural Affairs",4,44
"Sauber, Richard Department Of Veterans Affairs, General Counsel",12,44
"Sauber, Richard White House Office, Special Counsel to President",7,44
"Sauer, Dean John Department Of Justice, Solicitor General",2,44
"Scavino, Dan J White House Office, Deputy Chief of Staff",2,44
"Scavino, Dan J White House Office, Director of Social Media",2,44
"Schaus, Margaret National Aeronautics And Space Administration, Chief Financial Officer",23,44
"Schiffer, Rolfe Michael Agency For International Development (Aid), Assistant Administrator for Asia",7,44
"Schlick, Austin C Consumer Product Safety Commission, DAEO",10,44
"Schofield, Gary G Department Of Justice, U.S. Marshal Nevada",14,44
"Schroeder, Christopher H Department Of Justice, Assistant Attorney General, Office of Legal Counsel",5,45
"Schuyler, Anne R National Capital Planning Commission, DAEO",7,45
"Scott, Georganne Federal Energy Regulatory Commission, Certificate of Divestiture",1,45
"Scott, Kristi L National Security Agency, Inspector General",1,45
"Scott, Marie Department Of Health And Human Services, Certificate of Divestiture",1,45
"Scott, McGregor Department Of Justice, U.S. Attorney California Eastern District",3,45
"Scott, Robert K Department Of State, Ambassador to Malawi (Republic of)",4,45
"Scott, Rodney Department Of Homeland Security, Commissioner, U.S. Customs & Border Protection",1,45
"Scott, Suzie Candidates - F.E.C., Presidential Candidate",1,45
"Scott, Timothy E Candidates - F.E.C., Presidential Candidate",1,45
"Seale, Viktoria Z Council On Environmental Quality, DAEO",4,45
"Sellinger, Philip Department Of Justice, U.S. Attorney New Jersey",22,45
"Serassio, Helen Corporation For National And Community Service, DAEO",3,45
"Serralta, Gadyaces S Department Of Justice, Director, U.S. Marshals Service",3,45
"Serralta, Gadyaces S Department Of Justice, U.S. Marshal Florida Southern District",11,45
"Serrano, Danae Securities And Exchange Commission, DAEO",7,45
"Shah, Anand Department Of Health And Human Services, Certificate of Divestiture",1,45
"Shah, Jigar Department Of Energy, Certificate of Divestiture",1,45
"Shah, Nirav Department Of Health And Human Services, Certificate of Divestiture",1,45
"Shah, Nitin General Services Administration, DAEO",4,45
"Shambaugh, Jay Department Of The Treasury, Under Secretary for International Affairs",4,45
"Shampaine, Nicole D Department Of State, U.S. Representative to Organization for Prohibition of Chemical Weapons w/rank of Ambassador",3,45
"Shanks, Robert Peace Corps, DAEO",2,45
"Shea, Dennis C. Office Of The Us Trade Representative, Deputy U.S. Trade Representative",2,45
"Shea, Dorothy C Department Of State, Ambassador to Lebanon (Republic of)",7,45
"Shea, Dorothy C Department Of State, U.S. Deputy Representative to United Nations w/rank of Ambassador & U.S. Deputy Representative in United Nations Security Council",5,45
"Sherwood-Randall, Elizabeth White House Office, Assistant to the President for Homeland Security",7,45
"Shores, Robert T Department Of Justice, U.S. Attorney Oklahoma Northern District",7,45
"Shukan, Brian W Department Of State, Ambassador to Benin (Republic of)",17,45
"Silvers, Robert Department Of Homeland Security, Under Secretary for Strategy, Policy, & Plans",10,45
"Simmons, Daniel Department Of Energy, Assistant Secretary for Energy Efficiency & Renewable Energy",2,45
"Simmons, Jamal Office Of The Vice President, Communications Director",3,45
"Simmons, Joshua Central Intelligence Agency, General Counsel",1,45
"Simons, Emilie White House Office, Certificate of Divestiture",1,45
"Simons, Emilie White House Office, Senior Deputy Press Secretary",1,45
"Simons, Joseph J Federal Trade Commission, Commissioner",3,45
"Siskel, Edward White House Office, Certificate of Divestiture",1,45
"Siskel, Edward White House Office, White House Counsel",5,45
"Sisson, Robert International Joint Commission, Commissioner",8,45
"Slater-Chandler, Neysa M Nuclear Waste Technical Review Board, DAEO",44,45
"Slaughter, Justin B. Securities And Exchange Commission, Certificate of Divestiture",1,46
"Slaughter, Rebecca Joy Kelly Federal Trade Commission, Commissioner",6,46
"Slaughter, Rebecca Joy Kelly Federal Trade Commission, Commissioner 2",4,46
"Smith, Brad Department Of Health And Human Services, Certificate of Divestiture",1,46
"Smith, Damon Department Of Housing And Urban Development, General Counsel",16,46
"Smith, Darin D Department Of Justice, U.S. Attorney Wyoming",1,46
"Smith, Delia Department Of Justice, U.S. Attorney Virgin Islands",4,46
"Smith, Enix Department Of Justice, U.S. Marshal Louisiana Eastern District",1,46
"Smith, Gentry O Department Of State, Assistant Secretary for Diplomatic Security",5,46
"Smith, Glen R Department Of Agriculture, Under Secretary for Rural Development",1,46
"Smith, Glen R Farm Credit Administration And Farm Credit System Insurance Corp., Member, Farm Credit Administration Board",6,46
"Smith, Ja'Ron K White House Office, Deputy Assistant to President & Deputy Director of Office of American Innovation",2,46
"Smith, Julianne C Department Of State, U.S. Permanent Representative on the Council of North Atlantic Treaty Organization (NATO) w/rank of Ambassador",3,46
"Smith, Julianne C Department Of State, Under Secretary for Political Affairs",1,46
"Smith, Michael Corporation For National And Community Service, Chief Executive Officer",4,46
"Solomon, Amy L Department Of Justice, Assistant Attorney General, Office of Justice Programs",16,46
"Sonfield, Brian Department Of The Treasury, DAEO",17,46
"Soskin, Eric Department Of Transportation, Inspector General",7,46
"Stafford, Steven Department Of Justice, U.S. Marshal California Southern District",11,46
"Stanley, Marc R Department Of State, Ambassador to Argentina",9,46
"Stanton, Catherine A Armed Services Board Of Contract Appeals, DAEO",6,46
"Stanton, Cheryl M Department Of Labor, Administrator, Wage and Hour Division",2,46
"Starks, Geoffrey A Federal Communications Commission, Commissioner",4,46
"Starks, Geoffrey A Federal Communications Commission, Commissioner 2",5,46
"Steele, Graham Department Of The Treasury, Assistant Secretary for Financial Institutions",4,46
"Steiner, David U.S. Postal Service, Postmaster General",3,46
"Stevens, Allison M National Geospatial Intelligence Agency, DAEO",26,46
"Stevenson, Lisa J Federal Election Commission, DAEO",8,47
"Stevenson, Patrick J White House Office, Deputy Assistant to the President & Senior Advisor for Digital Strategy",3,47
"Stevenson, Susan N Department Of State, Ambassador to Guinea (Republic of Equatorial)",13,47
"Stewart, Barbara Corporation For National And Community Service, Chief Executive Officer",11,47
"Stewart, James N Department Of Defense/Office Of The Secretary, Assistant Secretary for Manpower & Reserve Affairs",1,47
"Stewart, Karen B Department Of State, Ambassador to Marshall Islands (Republic of the)",2,47
"Stewart, Mallory A Department Of State, Assistant Secretary for Arms Control, Verification & Compliance",4,47
"Stewart, Sarah Federal Mine Safety And Health Review Commission, DAEO",2,47
"Stone, Laura M Department Of State, Ambassador to Marshall Islands (Republic of the)",2,47
"Stone, Pamela J Consumer Product Safety Commission, DAEO",2,47
"Stone, Roger White House Office, Deputy Assistant to President & Director of White House Information Technology",5,47
"Stone-Manning, Tracy Department Of The Interior, Director, Bureau of Land Management",8,47
"Storch, Robert P Department Of Defense - Office Of Inspector General, Inspector General",7,47
"Storch, Robert P National Security Agency, Inspector General",4,47
"Stromayer, Eric W Department Of State, Ambassador to Togolese Republic",11,47
"Stuart, James Department Of Justice, U.S. Marshal Minnesota",1,47
"Stuart, Michael Department Of Health And Human Services, General Counsel",2,47
"Stuart, Michael Department Of Justice, U.S. Attorney West Virginia Southern District",26,47
"Sullivan, Adam J Department Of Transportation, Assistant Secretary For Governmental Affairs",2,47
"Sullivan, Adam J Department Of Transportation, Assistant Secretary for Governmental Affairs",2,47
"Sullivan, Jacob White House Office, Assistant to the President & National Security Advisor",7,47
"Sullivan, James J Occupational Safety And Health Review Commission, Commissioner",3,47
"Sullivan, John J Department Of State, Ambassador to Russian Federation",9,47
"Sullivan, Kevin K Department Of State, Ambassador to Nicaragua (Republic of)",4,47
"Sullivan, Meg Department Of Health And Human Services, Certificate of Divestiture",1,47
"Sullivan, Stephanie S Department Of State, Ambassador to Ghana (Republic of)",3,47
"Sullivan, Stephanie S Department Of State, U.S. Representative to African Union w/rank of Ambassador",3,47
"Summers, Thomas A Defense Nuclear Facilities Safety Board, Board Member",1,47
"Summers, Thomas A Defense Nuclear Facilities Safety Board, Board Member 2",21,47
"Sumwalt, Robert L National Transportation Safety Board, Member & Chairman 2",4,48
"Sweatt, Loren National Mediation Board, Member",8,48
"Sweeney, Robert Department Of The Treasury, U.S. Director, Asian Development Bank",1,48
"Sweeney, Tara Department Of The Interior, Assistant Secretary For Indian Affairs",3,48
"Sweeney, Tara Department Of The Interior, Assistant Secretary for Indian Affairs",3,48
"Syed, Dilawar A Department Of State, Certificate of Divestiture",1,48
"Syed, Dilawar Small Business Administration, Deputy Administrator",14,48
"Syed, Mohsin Department Of Transportation, Assistant Secretary for Governmental Affairs",2,48
"Syptak-Ramnath, Stephanie F Department Of State, Ambassador to Peru (Republic of)",5,48
"Szabat, Joel Department Of Transportation, Assistant Secretary for Aviation & International Affairs",2,48
"Taglialatela, Linda S Department Of State, Ambassador to Barbados, Antigua & Barbuda, Commonwealth of Dominica, Grenada, St. Lucia, Federation of St. Kitts & Nevis, & St. Vincent & the Grenadines",14,48
"Talwar, Puneet Department Of State, Ambassador to Morocco (Kingdom of)",5,48
"Tata, Anthony Department Of Defense/Office Of The Secretary, Under Secretary for Personnel & Readiness",2,48
"Taylor, Alexis Department Of Agriculture, Under Secretary for Trade & Foreign Agricultural Affairs",3,48
"Taylor, Kirk M Department Of Justice, U.S. Marshal Colorado",4,48
"Taylor, Margaret Department Of State, Legal Adviser",2,48
"Taylor, Mary E Department Of State, Assistant Secretary for Legislative Affairs",2,48
"Taylor, Michele Department Of State, U.S. Representative to United Nations Human Rights Council",8,48
"Taylor, Richard E Department Of Justice, U.S. Marshal Texas Northern District",5,48
"Telles, Cynthia Department Of State, Ambassador to Costa Rica (Republic of)",40,48
"Teplitz, Alaina B Department Of State, Ambassador to Democratic Socialist Republic of Sri Lanka & Ambassador to Republic of Maldives",6,48
"Teplitz, Alaina B Department Of State, Ambassador to Nepal (Federal Democratic Republic of)",1,48
"Theriot, Nicole D Department Of State, Ambassador to Guyana (Co-Operative Republic of)",9,48
"Thomas-Greenfield, Linda J Department Of State, Ambassador To The United Nations General Assembly",7,49
"Thompson, Catrina A Department Of Justice, U.S. Marshal North Carolina Middle District",1,49
"Thompson, Dean R Department Of State, Ambassador to Nepal (Federal Democratic Republic of)",4,49
"Thompson, Diane Consumer Financial Protection Bureau, Certificate of Divestiture",1,49
"Thompson, Karl White House Office, Certificate of Divestiture",1,49
"Thompson, Karl White House Office, Deputy Counsel to the President",4,49
"Thompson, William Department Of Justice, U.S. Attorney West Virginia Southern District",5,49
"Tobias, Robert M Department Of The Treasury, Member, Internal Revenue Service Oversight Board",9,49
"Toepfer, David Department Of Justice, U.S. Attorney Ohio Northern District",2,49
"Tom, Christian White House Office, Assistant to the President & Director of Digital Strategy",7,49
"Tom, Kip Ernest Department Of State, U.S. Representative to United Nations Agencies for Food and Agriculture (with rank of Ambassador during service)",8,49
"Tomney, Brian M Federal Housing Finance Agency, Inspector General",27,49
"Topping, Richard Department Of Veterans Affairs, Chief Financial Officer",3,49
"Touton, Maria Camille Department Of The Interior, Commissioner of Reclamation",6,49
"Town, John E Department Of Justice, U.S. Attorney Alabama Northern District",3,49
"Traina, Trevor Department Of State, Ambassador to Austria (Republic of)",12,49
"Traynor, Arthur R Federal Mine Safety And Health Review Commission, Commissioner",5,49
"Tremaglio, Ralph Defense Commissary Agency, DAEO",5,49
"Trujillo, Carlos Department Of State, U.S. Permanent Representative to Organization of American States w/rank of Ambassador",2,49
"Trujillo, Tanya Department Of The Interior, Assistant Secretary for Water & Science",6,49
"Trumka, Richard Consumer Product Safety Commission, Commissioner",7,49
"Trump, Donald J Candidates - F.E.C., Presidential Candidate",3,49
"Trump, Ivanka White House Office, Assistant to the President",3,49
"Tsunis, George J Department Of State, Ambassador to Greece",5,49
"Tucker, Brooks Department Of Veterans Affairs, Assistant Secretary for Congressional & Legislative Affairs",2,49
"Tucker, Shelley L Department Of Justice, U.S. Attorney Alaska",5,49
"Tueller, Matthew H Department Of State, Ambassador to Iraq (Republic of)",7,49
"Udall, Thomas Department Of State, Ambassador to New Zealand and Samoa",36,49
"Uhlmann, David Environmental Protection Agency, Assistant Administrator for Enforcement & Compliance Assurance",14,50
"Vaden, Stephen A Department Of Agriculture, General Counsel",8,50
"Vajda, Thomas L. Department Of State, Ambassador to Burma (Union of)",3,50
"Van Schaack, Beth Department Of State, Ambassador at Large for Global Criminal Justice",30,50
"VanVranken, Howard Department Of State, Ambassador to Botswana (Republic of)",6,50
"Vashee, Dharmesh Federal Retirement Thrift Investment Board, DAEO",20,50
"Vazirani, Ashish Department Of Defense/Office Of The Secretary, Deputy Under Secretary for Personnel & Readiness",6,50
"Venkataraman, Arun Department Of Commerce, Assistant Secretary for Global Markets & Director General of U.S. and Foreign Commercial Service",5,50
"Vetter, Ruth Defense Logistics Agency, DAEO",3,50
"Vidal, Katherine Department Of Commerce, Under Secretary for Intellectual Property & Director, U.S. Patent & Trademark Office",5,50
"Vieux, Wener Presidio Trust, DAEO",9,50
"Visek, Richard C Department Of State, DAEO",8,50
"Voles, Lorraine A Office Of The Vice President, Assistant to the President & Chief of Staff to the Vice President",13,50
"Voyatzis, Lisette National Endowment For The Humanities, DAEO",8,51
"Vrooman, Peter H Department Of State, Ambassador to Mozambique (Republic of)",7,51
"Vrooman, Peter H Department Of State, Ambassador to Rwanda (Republic of)",3,51
"Wade, Dana T Department Of Housing And Urban Development, Assistant Secretary for Housing-Federal Housing Commissioner",2,51
"Wainstein, Kenneth Department Of Homeland Security, Under Secretary for Intelligence & Analysis",7,51
"Walden, Paul A Public Buildings Reform Board, DAEO",19,51
"Walker, Bradley M Department Of State, Ambassador at Large for International Religious Freedom",1,51
"Walker, Bruce J Department Of Energy, Assistant Secretary for Electricity Delivery & Energy Reliability",3,51
"Walker, Hershel Department Of State, Ambassador to Bahamas (Commonwealth of The)",1,51
"Wallace, Andrew White House Office, Certificate of Divestiture",1,51
"Wallace, Andrew White House Office, Deputy Assistant to the President & Deputy Director of Legislative Affairs & Senate Liaison",2,51
"Wallace, George R Department Of The Interior, Assistant Secretary for Fish, Wildlife & Parks",3,51
"Wallace, Kathryn Peace Corps, DAEO",6,51
"Wallace, Rachel Office Of Science And Technology Policy, DAEO",2,51
"Wallace, William D. Federal Communications Commission, Certificate of Divestiture",1,51
"Wang, Evelyn N Department Of Energy, Director, Advanced Research Projects Agency",18,51
"Wang, Lisa W Department Of Commerce, Assistant Secretary for Enforcement & Compliance",3,51
"Wardynski, E. Casey Department Of The Army, Assistant Secretary for Manpower & Reserve Affairs",6,51
"Ware, Hannibal M Small Business Administration, Inspector General",8,51
"Warrington, David White House Office, Assistant to the President & Counselor to the President",2,51
"Washington, Donald W Department Of Justice, Director, U.S. Marshals Service",8,51
"Weaver, Adam J Special Inspector General For Afghanistan Reconstruction, DAEO",8,51
"Weaver, David A Department Of Justice, U.S. Marshal Colorado",17,51
"Weaver, Douglas Nuclear Regulatory Commission, Commissioner",1,51
"Weaver, Susannah Environmental Protection Agency, Certificate of Divestiture",1,51
"Weisman, Aaron Department Of Justice, U.S. Attorney Rhode Island",37,51
"Weiss, David C Department Of Justice, U.S. Attorney Delaware",6,52
"Weiss, Nancy E Institute Of Museum And Library Services, DAEO",11,52
"Wentworth, Lia Defense Information Systems Agency, DAEO",29,52
"Werfel, Daniel Department Of The Treasury, Commissioner of Internal Revenue",4,52
"Whitaker, Eric P Department Of State, Ambassador to Niger (Republic of)",4,52
"Whitaker, Matthew G Department Of State, U.S. Permanent Representative on the Council of North Atlantic Treaty Organization (NATO) w/rank of Ambassador",2,52
"Whitaker, Michael Department Of Transportation, Administrator, Federal Aviation Administration",1,52
"Whitman, Margaret Department Of State, Ambassador to Kenya (Republic of)",41,52
"Whyche-Shaw, Oren Department Of The Treasury, U.S. Executive Director, African Development Bank",6,52
"Wilcox, Gwynne National Labor Relations Board, Member",7,52
"Wilcox, Gwynne National Labor Relations Board, Member 2",3,52
"Wilcox, Todd Department Of State, Assistant Secretary for Diplomatic Security",1,52
"Wiles, Susie White House Office, Assistant to the President & Chief of Staff",2,53
"Williams, Andre D Department Of Justice, U.S. Attorney New York Southern District",5,53
"Williams, Ashley N White House Office, Deputy Assistant to the President & Senior Advisor to the President & Director of Strategic Outreach",3,53
"Williams, Beth Ann Department Of Justice, Assistant Attorney General, Office of Legal Policy",2,53
"Williams, Beth Ann Privacy And Civil Liberties Oversight Board, Member",8,53
"Williams, Billy J Department Of Justice, U.S. Attorney Oregon",2,53
"Williams, Brandon Department Of Energy, Under Secretary for Nuclear Security & Administrator, National Nuclear Security Administration",1,53
"Williams, Cary K Federal Reserve System Board Of Governors, DAEO",7,53
"Williams, Charles Department Of The Navy, Assistant Secretary for Energy, Installations & Environment",3,53
"Williams, J. Tyler Department Of The Treasury, Certificate of Divestiture",1,53
"Williams, James E Department Of Labor, Chief Financial Officer",2,53
"Williams, Karen L Department Of State, Ambassador to Suriname (Republic of)",3,53
"Williams, Martha Department Of The Interior, Director, U.S. Fish & Wildlife Service",4,53
"Williams, Michael B White House Office, Deputy Assistant to President & Counselor to Chief of Staff",1,53
"Williams, Taryn Department Of Labor, Assistant Secretary for Disability Employment Policy",5,53
"Winberg, Steven E Department Of Energy, Assistant Secretary for Fossil Energy",9,53
"Witherspoon, Daryl Defense Contract Audit Agency, DAEO",4,53
"Witkowsky, Anne Department Of State, Assistant Secretary for Conflict & Stabilization Operations and Coordinator for Reconstruction & Stabilization",17,53
"Wolcott, Jackie Department Of State, U.S. Representative to Vienna Office of the United Nations & U.S. Representative to International Atomic Energy Agency w/rank of Ambassador",3,53
"Wold, Theodore J White House Office, Deputy Assistant to President for Domestic Policy Council",3,53
"Wolfson, Leonard Department Of Housing And Urban Development, Assistant Secretary for Congressional & Intergovernmental Relations",7,53
"Workman, Jeremiah Department Of Labor, Assistant Secretary for Veterans` Employment & Training",1,53
"Workman, Thomas E Department Of The Treasury, Member, Financial Stability Oversight Council",10,53
"Worthington, Ross P White House Office, Deputy Assistant to President & Advisor for Policy, Strategy & Speechwriting",6,53
"Wray, Christopher A Department Of Justice, Director, Federal Bureau of Investigation",8,53
"Yellen, Janet L Department Of The Treasury, Governor, European Bank for Reconstruction & Development, Governor, Inter-American Development Bank, Governor, International Bank for Reconstruction & Development, and Governor, International Monetary Fund",1,53
"Yellen, Janet L Department Of The Treasury, Secretary",1,53
"Young, Andrew R Department Of State, Ambassador To Burkina Faso",1,53
"Young, Andrew R Department Of State, Ambassador to Burkina Faso",1,53
"Young, Charles Department Of The Army, General Counsel",1,53
"Young, Christen L White House Office, Deputy Assistant to the President & Deputy Director of the DPC for Health & Veterans Affairs",5,53
"Young, David J Department Of State, Ambassador to Malawi (Republic of)",3,53
"Young, Eugene S Department Of State, Ambassador to Congo (Republic of)",16,53
"Young, Jane E Department Of Justice, U.S. Attorney New Hampshire",4,53
"Young, Joshua J. Department Of State, Certificate of Divestiture",1,53
"Young, Michael G Federal Mine Safety And Health Review Commission, Commissioner 2",1,53
"Young, Stephanie L Office Of The Vice President, Deputy Assistant to the President & Senior Advisor to the Vice President",2,53
"Zachariah, Aswathi Inter-American Foundation, DAEO",9,53
"Zatezalo, David G Department Of Labor, Assistant Secretary for Mine Safety & Health",7,53
"Zerzan, Gregory Department Of Transportation, General Counsel",3,53
"Zobler, Marian L Nuclear Regulatory Commission, DAEO",8,53
"Zuckerman, Adrian Department Of State, Ambassador to Romania",2,53
